true,pred,media,true_class,pred_class
0,41,YES,Acremonium,Hypocrea_pulvinata
0,41,OAT,Acremonium,Hypocrea_pulvinata
0,48,PDA,Acremonium,Nigrospora_oryzae
0,48,CREA,Acremonium,Nigrospora_oryzae
0,41,CYA,Acremonium,Hypocrea_pulvinata
0,41,CYA,Acremonium,Hypocrea_pulvinata
0,48,PDA,Acremonium,Nigrospora_oryzae
0,41,YES,Acremonium,Hypocrea_pulvinata
0,41,CYA,Acremonium,Hypocrea_pulvinata
0,33,MEAox,Acremonium,Epicoccum_nigrum
0,41,OAT,Acremonium,Hypocrea_pulvinata
0,41,CYA,Acremonium,Hypocrea_pulvinata
1,59,CYA,Acremonium_alternatum,Penicillium_canescens
1,41,YES,Acremonium_alternatum,Hypocrea_pulvinata
1,48,CREA,Acremonium_alternatum,Nigrospora_oryzae
1,1,CYA,Acremonium_alternatum,Acremonium_alternatum
1,41,YES,Acremonium_alternatum,Hypocrea_pulvinata
1,81,CYA,Acremonium_alternatum,Penicillium_restrictum
1,102,PDA,Acremonium_alternatum,Rasamsonia_eburnea
1,81,CYA,Acremonium_alternatum,Penicillium_restrictum
1,1,MEAox,Acremonium_alternatum,Acremonium_alternatum
1,81,CYA,Acremonium_alternatum,Penicillium_restrictum
1,1,OAT,Acremonium_alternatum,Acremonium_alternatum
1,81,PDA,Acremonium_alternatum,Penicillium_restrictum
2,34,PDA,Acremonium_strictum,Fusarium_acuminatum
2,41,MEAox,Acremonium_strictum,Hypocrea_pulvinata
2,48,CREA,Acremonium_strictum,Nigrospora_oryzae
2,98,OAT,Acremonium_strictum,Phoma_pomorum
2,41,YES,Acremonium_strictum,Hypocrea_pulvinata
2,41,YES,Acremonium_strictum,Hypocrea_pulvinata
2,48,PDA,Acremonium_strictum,Nigrospora_oryzae
2,41,YES,Acremonium_strictum,Hypocrea_pulvinata
2,49,CYA,Acremonium_strictum,Paecilomyces_maximus
2,98,OAT,Acremonium_strictum,Phoma_pomorum
2,41,MEAox,Acremonium_strictum,Hypocrea_pulvinata
2,38,CREA,Acremonium_strictum,Fusarium_tricinctum
3,49,PDA,Alternaria,Paecilomyces_maximus
3,48,CYA,Alternaria,Nigrospora_oryzae
3,38,MEAox,Alternaria,Fusarium_tricinctum
3,11,PDA,Alternaria,Aspergillus_flavus
3,48,CYA,Alternaria,Nigrospora_oryzae
3,38,MEAox,Alternaria,Fusarium_tricinctum
3,98,OAT,Alternaria,Phoma_pomorum
3,98,YES,Alternaria,Phoma_pomorum
3,98,YES,Alternaria,Phoma_pomorum
3,49,CYA,Alternaria,Paecilomyces_maximus
3,38,OAT,Alternaria,Fusarium_tricinctum
3,11,PDA,Alternaria,Aspergillus_flavus
4,48,OAT,Arthrinium_phaeospermum,Nigrospora_oryzae
4,48,PDA,Arthrinium_phaeospermum,Nigrospora_oryzae
4,48,YES,Arthrinium_phaeospermum,Nigrospora_oryzae
4,48,OAT,Arthrinium_phaeospermum,Nigrospora_oryzae
4,36,PDA,Arthrinium_phaeospermum,Fusarium_equiseti
4,76,YES,Arthrinium_phaeospermum,Penicillium_neojanthinellum
4,48,OAT,Arthrinium_phaeospermum,Nigrospora_oryzae
4,49,CYA,Arthrinium_phaeospermum,Paecilomyces_maximus
4,48,MEAox,Arthrinium_phaeospermum,Nigrospora_oryzae
4,36,PDA,Arthrinium_phaeospermum,Fusarium_equiseti
4,35,CYA,Arthrinium_phaeospermum,Fusarium_chlamydosporum
4,36,PDA,Arthrinium_phaeospermum,Fusarium_equiseti
5,30,CYA,Ascospirella_lutea,Cladosporium_tenuissimum
5,30,CYA,Ascospirella_lutea,Cladosporium_tenuissimum
5,30,CYA,Ascospirella_lutea,Cladosporium_tenuissimum
5,48,PDA,Ascospirella_lutea,Nigrospora_oryzae
5,48,CREA,Ascospirella_lutea,Nigrospora_oryzae
5,79,PDA,Ascospirella_lutea,Penicillium_onobense
5,33,MEAox,Ascospirella_lutea,Epicoccum_nigrum
5,48,CREA,Ascospirella_lutea,Nigrospora_oryzae
5,41,OAT,Ascospirella_lutea,Hypocrea_pulvinata
5,81,PDA,Ascospirella_lutea,Penicillium_restrictum
5,98,YES,Ascospirella_lutea,Phoma_pomorum
5,98,YES,Ascospirella_lutea,Phoma_pomorum
6,48,OAT,Aspergillus,Nigrospora_oryzae
6,28,CREA,Aspergillus,Cladosporium
6,71,YES,Aspergillus,Penicillium_hordei
6,81,CYA,Aspergillus,Penicillium_restrictum
6,71,YES,Aspergillus,Penicillium_hordei
6,86,CREA,Aspergillus,Penicillium_scabrosum
6,48,OAT,Aspergillus,Nigrospora_oryzae
6,48,CREA,Aspergillus,Nigrospora_oryzae
6,81,CYA,Aspergillus,Penicillium_restrictum
6,71,YES,Aspergillus,Penicillium_hordei
6,38,MEAox,Aspergillus,Fusarium_tricinctum
6,71,YES,Aspergillus,Penicillium_hordei
7,38,CYA,Aspergillus_aculeatinus,Fusarium_tricinctum
7,41,MEAox,Aspergillus_aculeatinus,Hypocrea_pulvinata
7,48,PDA,Aspergillus_aculeatinus,Nigrospora_oryzae
7,48,PDA,Aspergillus_aculeatinus,Nigrospora_oryzae
7,38,PDA,Aspergillus_aculeatinus,Fusarium_tricinctum
7,38,OAT,Aspergillus_aculeatinus,Fusarium_tricinctum
7,38,OAT,Aspergillus_aculeatinus,Fusarium_tricinctum
7,38,PDA,Aspergillus_aculeatinus,Fusarium_tricinctum
7,38,PDA,Aspergillus_aculeatinus,Fusarium_tricinctum
7,38,CYA,Aspergillus_aculeatinus,Fusarium_tricinctum
7,41,MEAox,Aspergillus_aculeatinus,Hypocrea_pulvinata
8,11,OAT,Aspergillus_arachidicola,Aspergillus_flavus
8,11,CREA,Aspergillus_arachidicola,Aspergillus_flavus
8,11,CYA,Aspergillus_arachidicola,Aspergillus_flavus
8,16,MEAox,Aspergillus_arachidicola,Aspergillus_nomiae
8,11,OAT,Aspergillus_arachidicola,Aspergillus_flavus
8,11,YES,Aspergillus_arachidicola,Aspergillus_flavus
8,8,PDA,Aspergillus_arachidicola,Aspergillus_arachidicola
8,11,MEAox,Aspergillus_arachidicola,Aspergillus_flavus
8,8,OAT,Aspergillus_arachidicola,Aspergillus_arachidicola
8,11,PDA,Aspergillus_arachidicola,Aspergillus_flavus
8,11,CREA,Aspergillus_arachidicola,Aspergillus_flavus
8,11,YES,Aspergillus_arachidicola,Aspergillus_flavus
9,79,CREA,Aspergillus_calidoustus,Penicillium_onobense
9,76,YES,Aspergillus_calidoustus,Penicillium_neojanthinellum
9,37,YES,Aspergillus_calidoustus,Fusarium_foetens
9,37,YES,Aspergillus_calidoustus,Fusarium_foetens
9,38,CYA,Aspergillus_calidoustus,Fusarium_tricinctum
9,76,MEAox,Aspergillus_calidoustus,Penicillium_neojanthinellum
9,37,YES,Aspergillus_calidoustus,Fusarium_foetens
9,11,PDA,Aspergillus_calidoustus,Aspergillus_flavus
9,37,YES,Aspergillus_calidoustus,Fusarium_foetens
9,15,CREA,Aspergillus_calidoustus,Aspergillus_neoglaber
9,15,CREA,Aspergillus_calidoustus,Aspergillus_neoglaber
9,48,OAT,Aspergillus_calidoustus,Nigrospora_oryzae
10,48,CYA,Aspergillus_creber,Nigrospora_oryzae
10,48,CYA,Aspergillus_creber,Nigrospora_oryzae
10,78,OAT,Aspergillus_creber,Penicillium_olsonii
10,41,MEAox,Aspergillus_creber,Hypocrea_pulvinata
10,78,OAT,Aspergillus_creber,Penicillium_olsonii
10,76,CREA,Aspergillus_creber,Penicillium_neojanthinellum
10,94,YES,Aspergillus_creber,Pezicula_carpinea
10,78,OAT,Aspergillus_creber,Penicillium_olsonii
10,49,PDA,Aspergillus_creber,Paecilomyces_maximus
10,78,OAT,Aspergillus_creber,Penicillium_olsonii
10,98,YES,Aspergillus_creber,Phoma_pomorum
10,98,YES,Aspergillus_creber,Phoma_pomorum
11,33,MEAox,Aspergillus_flavus,Epicoccum_nigrum
11,98,OAT,Aspergillus_flavus,Phoma_pomorum
11,86,CREA,Aspergillus_flavus,Penicillium_scabrosum
11,11,MEAox,Aspergillus_flavus,Aspergillus_flavus
11,98,OAT,Aspergillus_flavus,Phoma_pomorum
11,11,PDA,Aspergillus_flavus,Aspergillus_flavus
11,11,MEAox,Aspergillus_flavus,Aspergillus_flavus
11,98,OAT,Aspergillus_flavus,Phoma_pomorum
11,86,CREA,Aspergillus_flavus,Penicillium_scabrosum
11,11,OAT,Aspergillus_flavus,Aspergillus_flavus
11,11,YES,Aspergillus_flavus,Aspergillus_flavus
11,11,MEAox,Aspergillus_flavus,Aspergillus_flavus
11,11,OAT,Aspergillus_flavus,Aspergillus_flavus
11,8,PDA,Aspergillus_flavus,Aspergillus_arachidicola
11,98,OAT,Aspergillus_flavus,Phoma_pomorum
11,86,CREA,Aspergillus_flavus,Penicillium_scabrosum
11,98,OAT,Aspergillus_flavus,Phoma_pomorum
11,11,CYA,Aspergillus_flavus,Aspergillus_flavus
11,11,CREA,Aspergillus_flavus,Aspergillus_flavus
11,22,CYA,Aspergillus_flavus,Aspergillus_uvarum
11,8,MEAox,Aspergillus_flavus,Aspergillus_arachidicola
11,11,YES,Aspergillus_flavus,Aspergillus_flavus
11,8,OAT,Aspergillus_flavus,Aspergillus_arachidicola
12,53,CYA,Aspergillus_lentulus,Penicillium_allii-sativi
12,81,CREA,Aspergillus_lentulus,Penicillium_restrictum
12,81,CREA,Aspergillus_lentulus,Penicillium_restrictum
12,104,CYA,Aspergillus_lentulus,Rhizomucor_pusillus
12,104,CYA,Aspergillus_lentulus,Rhizomucor_pusillus
12,53,PDA,Aspergillus_lentulus,Penicillium_allii-sativi
12,76,OAT,Aspergillus_lentulus,Penicillium_neojanthinellum
12,79,CREA,Aspergillus_lentulus,Penicillium_onobense
12,48,YES,Aspergillus_lentulus,Nigrospora_oryzae
12,48,YES,Aspergillus_lentulus,Nigrospora_oryzae
13,86,CREA,Aspergillus_minisclerotigenes,Penicillium_scabrosum
13,33,OAT,Aspergillus_minisclerotigenes,Epicoccum_nigrum
13,42,MEAox,Aspergillus_minisclerotigenes,Hypocrea_sulphurea
13,16,MEAox,Aspergillus_minisclerotigenes,Aspergillus_nomiae
13,11,OAT,Aspergillus_minisclerotigenes,Aspergillus_flavus
13,38,CREA,Aspergillus_minisclerotigenes,Fusarium_tricinctum
13,11,CYA,Aspergillus_minisclerotigenes,Aspergillus_flavus
13,16,MEAox,Aspergillus_minisclerotigenes,Aspergillus_nomiae
13,86,CREA,Aspergillus_minisclerotigenes,Penicillium_scabrosum
13,28,CREA,Aspergillus_minisclerotigenes,Cladosporium
13,11,CYA,Aspergillus_minisclerotigenes,Aspergillus_flavus
13,11,OAT,Aspergillus_minisclerotigenes,Aspergillus_flavus
14,41,CYA,Aspergillus_montevidensis,Hypocrea_pulvinata
14,78,PDA,Aspergillus_montevidensis,Penicillium_olsonii
14,112,PDA,Aspergillus_montevidensis,Trichoderma
14,28,YES,Aspergillus_montevidensis,Cladosporium
14,48,CREA,Aspergillus_montevidensis,Nigrospora_oryzae
14,42,YES,Aspergillus_montevidensis,Hypocrea_sulphurea
14,41,MEAox,Aspergillus_montevidensis,Hypocrea_pulvinata
14,28,PDA,Aspergillus_montevidensis,Cladosporium
14,42,YES,Aspergillus_montevidensis,Hypocrea_sulphurea
14,41,CYA,Aspergillus_montevidensis,Hypocrea_pulvinata
14,11,PDA,Aspergillus_montevidensis,Aspergillus_flavus
14,41,CYA,Aspergillus_montevidensis,Hypocrea_pulvinata
15,48,CREA,Aspergillus_neoglaber,Nigrospora_oryzae
15,76,YES,Aspergillus_neoglaber,Penicillium_neojanthinellum
15,48,CREA,Aspergillus_neoglaber,Nigrospora_oryzae
15,49,OAT,Aspergillus_neoglaber,Paecilomyces_maximus
15,28,CREA,Aspergillus_neoglaber,Cladosporium
15,49,OAT,Aspergillus_neoglaber,Paecilomyces_maximus
15,48,PDA,Aspergillus_neoglaber,Nigrospora_oryzae
15,48,CREA,Aspergillus_neoglaber,Nigrospora_oryzae
15,19,CYA,Aspergillus_neoglaber,Aspergillus_puniceus
15,48,CREA,Aspergillus_neoglaber,Nigrospora_oryzae
15,48,PDA,Aspergillus_neoglaber,Nigrospora_oryzae
15,49,PDA,Aspergillus_neoglaber,Paecilomyces_maximus
16,98,OAT,Aspergillus_nomiae,Phoma_pomorum
16,98,CREA,Aspergillus_nomiae,Phoma_pomorum
16,16,CREA,Aspergillus_nomiae,Aspergillus_nomiae
16,16,PDA,Aspergillus_nomiae,Aspergillus_nomiae
16,16,CREA,Aspergillus_nomiae,Aspergillus_nomiae
16,11,CYA,Aspergillus_nomiae,Aspergillus_flavus
16,11,MEAox,Aspergillus_nomiae,Aspergillus_flavus
16,11,PDA,Aspergillus_nomiae,Aspergillus_flavus
16,16,OAT,Aspergillus_nomiae,Aspergillus_nomiae
16,42,OAT,Aspergillus_nomiae,Hypocrea_sulphurea
16,16,PDA,Aspergillus_nomiae,Aspergillus_nomiae
16,83,YES,Aspergillus_nomiae,Penicillium_rotoruae
17,33,MEAox,Aspergillus_occultus,Epicoccum_nigrum
17,33,MEAox,Aspergillus_occultus,Epicoccum_nigrum
17,98,CREA,Aspergillus_occultus,Phoma_pomorum
17,98,CYA,Aspergillus_occultus,Phoma_pomorum
17,41,OAT,Aspergillus_occultus,Hypocrea_pulvinata
17,49,CREA,Aspergillus_occultus,Paecilomyces_maximus
17,98,CREA,Aspergillus_occultus,Phoma_pomorum
17,41,OAT,Aspergillus_occultus,Hypocrea_pulvinata
17,41,OAT,Aspergillus_occultus,Hypocrea_pulvinata
17,33,MEAox,Aspergillus_occultus,Epicoccum_nigrum
17,41,OAT,Aspergillus_occultus,Hypocrea_pulvinata
17,41,PDA,Aspergillus_occultus,Hypocrea_pulvinata
18,98,MEAox,Aspergillus_pseudonomiae,Phoma_pomorum
18,49,OAT,Aspergillus_pseudonomiae,Paecilomyces_maximus
18,11,PDA,Aspergillus_pseudonomiae,Aspergillus_flavus
18,48,OAT,Aspergillus_pseudonomiae,Nigrospora_oryzae
18,11,MEAox,Aspergillus_pseudonomiae,Aspergillus_flavus
18,98,CYA,Aspergillus_pseudonomiae,Phoma_pomorum
18,98,CYA,Aspergillus_pseudonomiae,Phoma_pomorum
18,41,CREA,Aspergillus_pseudonomiae,Hypocrea_pulvinata
18,98,CYA,Aspergillus_pseudonomiae,Phoma_pomorum
18,49,OAT,Aspergillus_pseudonomiae,Paecilomyces_maximus
18,41,MEAox,Aspergillus_pseudonomiae,Hypocrea_pulvinata
18,49,OAT,Aspergillus_pseudonomiae,Paecilomyces_maximus
19,71,MEAox,Aspergillus_puniceus,Penicillium_hordei
19,72,MEAox,Aspergillus_puniceus,Penicillium_janczewskii
19,76,PDA,Aspergillus_puniceus,Penicillium_neojanthinellum
19,76,CREA,Aspergillus_puniceus,Penicillium_neojanthinellum
19,76,PDA,Aspergillus_puniceus,Penicillium_neojanthinellum
19,72,MEAox,Aspergillus_puniceus,Penicillium_janczewskii
19,76,PDA,Aspergillus_puniceus,Penicillium_neojanthinellum
19,38,MEAox,Aspergillus_puniceus,Fusarium_tricinctum
19,76,OAT,Aspergillus_puniceus,Penicillium_neojanthinellum
19,76,PDA,Aspergillus_puniceus,Penicillium_neojanthinellum
19,19,CREA,Aspergillus_puniceus,Aspergillus_puniceus
19,76,OAT,Aspergillus_puniceus,Penicillium_neojanthinellum
20,76,YES,Aspergillus_thermomutatus,Penicillium_neojanthinellum
20,59,PDA,Aspergillus_thermomutatus,Penicillium_canescens
20,76,YES,Aspergillus_thermomutatus,Penicillium_neojanthinellum
20,76,CYA,Aspergillus_thermomutatus,Penicillium_neojanthinellum
20,76,YES,Aspergillus_thermomutatus,Penicillium_neojanthinellum
20,79,CREA,Aspergillus_thermomutatus,Penicillium_onobense
20,76,CYA,Aspergillus_thermomutatus,Penicillium_neojanthinellum
20,81,PDA,Aspergillus_thermomutatus,Penicillium_restrictum
20,79,CREA,Aspergillus_thermomutatus,Penicillium_onobense
20,81,PDA,Aspergillus_thermomutatus,Penicillium_restrictum
21,22,PDA,Aspergillus_ustus,Aspergillus_uvarum
21,41,CREA,Aspergillus_ustus,Hypocrea_pulvinata
21,22,MEAox,Aspergillus_ustus,Aspergillus_uvarum
21,22,YES,Aspergillus_ustus,Aspergillus_uvarum
21,22,PDA,Aspergillus_ustus,Aspergillus_uvarum
21,80,MEAox,Aspergillus_ustus,Penicillium_piscarium
21,22,CYA,Aspergillus_ustus,Aspergillus_uvarum
21,22,OAT,Aspergillus_ustus,Aspergillus_uvarum
21,22,PDA,Aspergillus_ustus,Aspergillus_uvarum
21,22,OAT,Aspergillus_ustus,Aspergillus_uvarum
21,22,OAT,Aspergillus_ustus,Aspergillus_uvarum
22,22,PDA,Aspergillus_uvarum,Aspergillus_uvarum
22,22,CYA,Aspergillus_uvarum,Aspergillus_uvarum
22,22,YES,Aspergillus_uvarum,Aspergillus_uvarum
22,22,CYA,Aspergillus_uvarum,Aspergillus_uvarum
22,22,MEAox,Aspergillus_uvarum,Aspergillus_uvarum
22,22,OAT,Aspergillus_uvarum,Aspergillus_uvarum
22,33,CREA,Aspergillus_uvarum,Epicoccum_nigrum
22,22,CYA,Aspergillus_uvarum,Aspergillus_uvarum
22,22,CYA,Aspergillus_uvarum,Aspergillus_uvarum
22,22,PDA,Aspergillus_uvarum,Aspergillus_uvarum
22,22,OAT,Aspergillus_uvarum,Aspergillus_uvarum
22,22,MEAox,Aspergillus_uvarum,Aspergillus_uvarum
22,41,CREA,Aspergillus_uvarum,Hypocrea_pulvinata
22,22,CYA,Aspergillus_uvarum,Aspergillus_uvarum
22,22,CYA,Aspergillus_uvarum,Aspergillus_uvarum
22,41,CREA,Aspergillus_uvarum,Hypocrea_pulvinata
22,22,PDA,Aspergillus_uvarum,Aspergillus_uvarum
22,22,YES,Aspergillus_uvarum,Aspergillus_uvarum
22,22,MEAox,Aspergillus_uvarum,Aspergillus_uvarum
22,22,YES,Aspergillus_uvarum,Aspergillus_uvarum
22,22,MEAox,Aspergillus_uvarum,Aspergillus_uvarum
22,22,PDA,Aspergillus_uvarum,Aspergillus_uvarum
22,22,YES,Aspergillus_uvarum,Aspergillus_uvarum
22,41,CREA,Aspergillus_uvarum,Hypocrea_pulvinata
22,22,CYA,Aspergillus_uvarum,Aspergillus_uvarum
22,22,MEAox,Aspergillus_uvarum,Aspergillus_uvarum
22,22,OAT,Aspergillus_uvarum,Aspergillus_uvarum
22,22,OAT,Aspergillus_uvarum,Aspergillus_uvarum
22,22,YES,Aspergillus_uvarum,Aspergillus_uvarum
22,22,PDA,Aspergillus_uvarum,Aspergillus_uvarum
23,79,CYA,Aspergillus_wentii,Penicillium_onobense
23,79,CYA,Aspergillus_wentii,Penicillium_onobense
23,38,MEAox,Aspergillus_wentii,Fusarium_tricinctum
23,79,PDA,Aspergillus_wentii,Penicillium_onobense
23,76,CREA,Aspergillus_wentii,Penicillium_neojanthinellum
23,79,PDA,Aspergillus_wentii,Penicillium_onobense
23,49,OAT,Aspergillus_wentii,Paecilomyces_maximus
23,38,YES,Aspergillus_wentii,Fusarium_tricinctum
23,79,CREA,Aspergillus_wentii,Penicillium_onobense
23,79,PDA,Aspergillus_wentii,Penicillium_onobense
23,76,CREA,Aspergillus_wentii,Penicillium_neojanthinellum
24,41,MEAox,Asteromyces_cruciatus,Hypocrea_pulvinata
24,98,YES,Asteromyces_cruciatus,Phoma_pomorum
24,98,CREA,Asteromyces_cruciatus,Phoma_pomorum
24,41,CYA,Asteromyces_cruciatus,Hypocrea_pulvinata
24,48,PDA,Asteromyces_cruciatus,Nigrospora_oryzae
24,41,OAT,Asteromyces_cruciatus,Hypocrea_pulvinata
24,33,YES,Asteromyces_cruciatus,Epicoccum_nigrum
24,33,MEAox,Asteromyces_cruciatus,Epicoccum_nigrum
24,48,PDA,Asteromyces_cruciatus,Nigrospora_oryzae
24,33,YES,Asteromyces_cruciatus,Epicoccum_nigrum
24,28,CREA,Asteromyces_cruciatus,Cladosporium
24,98,YES,Asteromyces_cruciatus,Phoma_pomorum
25,48,CREA,Aureobasidium_melanogenum,Nigrospora_oryzae
25,33,MEAox,Aureobasidium_melanogenum,Epicoccum_nigrum
25,41,YES,Aureobasidium_melanogenum,Hypocrea_pulvinata
25,33,MEAox,Aureobasidium_melanogenum,Epicoccum_nigrum
25,41,OAT,Aureobasidium_melanogenum,Hypocrea_pulvinata
25,41,OAT,Aureobasidium_melanogenum,Hypocrea_pulvinata
25,41,PDA,Aureobasidium_melanogenum,Hypocrea_pulvinata
25,41,OAT,Aureobasidium_melanogenum,Hypocrea_pulvinata
25,41,YES,Aureobasidium_melanogenum,Hypocrea_pulvinata
25,41,MEAox,Aureobasidium_melanogenum,Hypocrea_pulvinata
25,41,YES,Aureobasidium_melanogenum,Hypocrea_pulvinata
25,41,OAT,Aureobasidium_melanogenum,Hypocrea_pulvinata
26,48,CREA,Aureobasidium_pullulans,Nigrospora_oryzae
26,41,OAT,Aureobasidium_pullulans,Hypocrea_pulvinata
26,41,OAT,Aureobasidium_pullulans,Hypocrea_pulvinata
26,41,YES,Aureobasidium_pullulans,Hypocrea_pulvinata
26,41,MEAox,Aureobasidium_pullulans,Hypocrea_pulvinata
26,109,PDA,Aureobasidium_pullulans,Talaromyces_apiculatus
26,48,CREA,Aureobasidium_pullulans,Nigrospora_oryzae
26,30,CYA,Aureobasidium_pullulans,Cladosporium_tenuissimum
26,30,CYA,Aureobasidium_pullulans,Cladosporium_tenuissimum
26,41,MEAox,Aureobasidium_pullulans,Hypocrea_pulvinata
26,41,OAT,Aureobasidium_pullulans,Hypocrea_pulvinata
26,41,OAT,Aureobasidium_pullulans,Hypocrea_pulvinata
27,49,PDA,Byssochlamys_spectabilis,Paecilomyces_maximus
27,41,CYA,Byssochlamys_spectabilis,Hypocrea_pulvinata
27,49,MEAox,Byssochlamys_spectabilis,Paecilomyces_maximus
27,41,OAT,Byssochlamys_spectabilis,Hypocrea_pulvinata
27,41,CYA,Byssochlamys_spectabilis,Hypocrea_pulvinata
27,48,MEAox,Byssochlamys_spectabilis,Nigrospora_oryzae
27,41,OAT,Byssochlamys_spectabilis,Hypocrea_pulvinata
27,38,PDA,Byssochlamys_spectabilis,Fusarium_tricinctum
27,38,CREA,Byssochlamys_spectabilis,Fusarium_tricinctum
27,102,CYA,Byssochlamys_spectabilis,Rasamsonia_eburnea
27,49,MEAox,Byssochlamys_spectabilis,Paecilomyces_maximus
27,33,OAT,Byssochlamys_spectabilis,Epicoccum_nigrum
28,28,OAT,Cladosporium,Cladosporium
28,28,CYA,Cladosporium,Cladosporium
28,41,MEAox,Cladosporium,Hypocrea_pulvinata
28,41,MEAox,Cladosporium,Hypocrea_pulvinata
28,28,PDA,Cladosporium,Cladosporium
28,41,YES,Cladosporium,Hypocrea_pulvinata
28,28,CYA,Cladosporium,Cladosporium
28,28,PDA,Cladosporium,Cladosporium
28,28,CYA,Cladosporium,Cladosporium
28,28,CREA,Cladosporium,Cladosporium
28,28,CYA,Cladosporium,Cladosporium
28,28,OAT,Cladosporium,Cladosporium
28,28,OAT,Cladosporium,Cladosporium
28,28,PDA,Cladosporium,Cladosporium
28,28,CREA,Cladosporium,Cladosporium
28,28,CYA,Cladosporium,Cladosporium
28,28,MEAox,Cladosporium,Cladosporium
28,28,PDA,Cladosporium,Cladosporium
28,28,CYA,Cladosporium,Cladosporium
28,28,YES,Cladosporium,Cladosporium
28,28,MEAox,Cladosporium,Cladosporium
28,28,PDA,Cladosporium,Cladosporium
28,28,MEAox,Cladosporium,Cladosporium
28,80,OAT,Cladosporium,Penicillium_piscarium
29,41,YES,Cladosporium_delicatulum,Hypocrea_pulvinata
29,41,YES,Cladosporium_delicatulum,Hypocrea_pulvinata
29,41,MEAox,Cladosporium_delicatulum,Hypocrea_pulvinata
29,28,YES,Cladosporium_delicatulum,Cladosporium
29,48,CREA,Cladosporium_delicatulum,Nigrospora_oryzae
29,28,CYA,Cladosporium_delicatulum,Cladosporium
29,28,PDA,Cladosporium_delicatulum,Cladosporium
29,28,OAT,Cladosporium_delicatulum,Cladosporium
29,28,CYA,Cladosporium_delicatulum,Cladosporium
29,28,CYA,Cladosporium_delicatulum,Cladosporium
29,28,MEAox,Cladosporium_delicatulum,Cladosporium
29,28,YES,Cladosporium_delicatulum,Cladosporium
30,109,CYA,Cladosporium_tenuissimum,Talaromyces_apiculatus
30,41,OAT,Cladosporium_tenuissimum,Hypocrea_pulvinata
30,48,PDA,Cladosporium_tenuissimum,Nigrospora_oryzae
30,41,YES,Cladosporium_tenuissimum,Hypocrea_pulvinata
30,30,CYA,Cladosporium_tenuissimum,Cladosporium_tenuissimum
30,41,MEAox,Cladosporium_tenuissimum,Hypocrea_pulvinata
30,41,OAT,Cladosporium_tenuissimum,Hypocrea_pulvinata
30,30,CYA,Cladosporium_tenuissimum,Cladosporium_tenuissimum
30,48,PDA,Cladosporium_tenuissimum,Nigrospora_oryzae
30,30,CYA,Cladosporium_tenuissimum,Cladosporium_tenuissimum
30,41,MEAox,Cladosporium_tenuissimum,Hypocrea_pulvinata
30,41,YES,Cladosporium_tenuissimum,Hypocrea_pulvinata
31,41,CYA,Cladosporium_varians,Hypocrea_pulvinata
31,48,CREA,Cladosporium_varians,Nigrospora_oryzae
31,41,YES,Cladosporium_varians,Hypocrea_pulvinata
31,48,CREA,Cladosporium_varians,Nigrospora_oryzae
31,48,CREA,Cladosporium_varians,Nigrospora_oryzae
31,48,PDA,Cladosporium_varians,Nigrospora_oryzae
31,41,YES,Cladosporium_varians,Hypocrea_pulvinata
31,41,YES,Cladosporium_varians,Hypocrea_pulvinata
31,41,CYA,Cladosporium_varians,Hypocrea_pulvinata
31,41,MEAox,Cladosporium_varians,Hypocrea_pulvinata
31,41,OAT,Cladosporium_varians,Hypocrea_pulvinata
31,41,OAT,Cladosporium_varians,Hypocrea_pulvinata
32,28,CYA,Drechslera,Cladosporium
32,41,YES,Drechslera,Hypocrea_pulvinata
32,48,CREA,Drechslera,Nigrospora_oryzae
32,28,CYA,Drechslera,Cladosporium
32,41,MEAox,Drechslera,Hypocrea_pulvinata
32,28,PDA,Drechslera,Cladosporium
32,41,YES,Drechslera,Hypocrea_pulvinata
32,41,CYA,Drechslera,Hypocrea_pulvinata
32,44,MEAox,Drechslera,Mariannaea_elegans
32,28,CREA,Drechslera,Cladosporium
32,44,MEAox,Drechslera,Mariannaea_elegans
32,48,CREA,Drechslera,Nigrospora_oryzae
33,33,YES,Epicoccum_nigrum,Epicoccum_nigrum
33,48,CREA,Epicoccum_nigrum,Nigrospora_oryzae
33,33,PDA,Epicoccum_nigrum,Epicoccum_nigrum
33,48,CREA,Epicoccum_nigrum,Nigrospora_oryzae
33,48,CREA,Epicoccum_nigrum,Nigrospora_oryzae
33,33,CYA,Epicoccum_nigrum,Epicoccum_nigrum
33,33,YES,Epicoccum_nigrum,Epicoccum_nigrum
33,33,CYA,Epicoccum_nigrum,Epicoccum_nigrum
33,33,MEAox,Epicoccum_nigrum,Epicoccum_nigrum
33,33,CYA,Epicoccum_nigrum,Epicoccum_nigrum
33,33,CYA,Epicoccum_nigrum,Epicoccum_nigrum
33,44,MEAox,Epicoccum_nigrum,Mariannaea_elegans
33,41,OAT,Epicoccum_nigrum,Hypocrea_pulvinata
33,49,PDA,Epicoccum_nigrum,Paecilomyces_maximus
33,41,OAT,Epicoccum_nigrum,Hypocrea_pulvinata
33,48,PDA,Epicoccum_nigrum,Nigrospora_oryzae
33,48,CYA,Epicoccum_nigrum,Nigrospora_oryzae
33,41,OAT,Epicoccum_nigrum,Hypocrea_pulvinata
33,71,YES,Epicoccum_nigrum,Penicillium_hordei
33,48,CREA,Epicoccum_nigrum,Nigrospora_oryzae
33,41,CYA,Epicoccum_nigrum,Hypocrea_pulvinata
33,48,CREA,Epicoccum_nigrum,Nigrospora_oryzae
33,48,CREA,Epicoccum_nigrum,Nigrospora_oryzae
33,41,OAT,Epicoccum_nigrum,Hypocrea_pulvinata
34,28,CREA,Fusarium_acuminatum,Cladosporium
34,41,CYA,Fusarium_acuminatum,Hypocrea_pulvinata
34,41,OAT,Fusarium_acuminatum,Hypocrea_pulvinata
34,41,YES,Fusarium_acuminatum,Hypocrea_pulvinata
34,41,OAT,Fusarium_acuminatum,Hypocrea_pulvinata
34,48,CREA,Fusarium_acuminatum,Nigrospora_oryzae
34,48,PDA,Fusarium_acuminatum,Nigrospora_oryzae
34,41,CYA,Fusarium_acuminatum,Hypocrea_pulvinata
34,41,CYA,Fusarium_acuminatum,Hypocrea_pulvinata
34,33,MEAox,Fusarium_acuminatum,Epicoccum_nigrum
34,41,CYA,Fusarium_acuminatum,Hypocrea_pulvinata
34,48,PDA,Fusarium_acuminatum,Nigrospora_oryzae
35,38,CREA,Fusarium_chlamydosporum,Fusarium_tricinctum
35,49,CYA,Fusarium_chlamydosporum,Paecilomyces_maximus
35,33,MEAox,Fusarium_chlamydosporum,Epicoccum_nigrum
35,98,OAT,Fusarium_chlamydosporum,Phoma_pomorum
35,49,CYA,Fusarium_chlamydosporum,Paecilomyces_maximus
35,38,MEAox,Fusarium_chlamydosporum,Fusarium_tricinctum
35,48,CREA,Fusarium_chlamydosporum,Nigrospora_oryzae
35,23,PDA,Fusarium_chlamydosporum,Aspergillus_wentii
35,38,YES,Fusarium_chlamydosporum,Fusarium_tricinctum
35,35,CYA,Fusarium_chlamydosporum,Fusarium_chlamydosporum
35,38,MEAox,Fusarium_chlamydosporum,Fusarium_tricinctum
35,49,OAT,Fusarium_chlamydosporum,Paecilomyces_maximus
36,48,CREA,Fusarium_equiseti,Nigrospora_oryzae
36,36,CYA,Fusarium_equiseti,Fusarium_equiseti
36,36,CYA,Fusarium_equiseti,Fusarium_equiseti
36,49,OAT,Fusarium_equiseti,Paecilomyces_maximus
36,76,MEAox,Fusarium_equiseti,Penicillium_neojanthinellum
36,36,MEAox,Fusarium_equiseti,Fusarium_equiseti
36,48,OAT,Fusarium_equiseti,Nigrospora_oryzae
36,28,CREA,Fusarium_equiseti,Cladosporium
36,48,OAT,Fusarium_equiseti,Nigrospora_oryzae
36,48,CYA,Fusarium_equiseti,Nigrospora_oryzae
36,48,CYA,Fusarium_equiseti,Nigrospora_oryzae
36,48,PDA,Fusarium_equiseti,Nigrospora_oryzae
37,48,CREA,Fusarium_foetens,Nigrospora_oryzae
37,76,YES,Fusarium_foetens,Penicillium_neojanthinellum
37,37,CYA,Fusarium_foetens,Fusarium_foetens
37,76,MEAox,Fusarium_foetens,Penicillium_neojanthinellum
37,48,CREA,Fusarium_foetens,Nigrospora_oryzae
37,76,PDA,Fusarium_foetens,Penicillium_neojanthinellum
37,37,MEAox,Fusarium_foetens,Fusarium_foetens
37,48,CYA,Fusarium_foetens,Nigrospora_oryzae
37,37,MEAox,Fusarium_foetens,Fusarium_foetens
37,37,YES,Fusarium_foetens,Fusarium_foetens
37,48,YES,Fusarium_foetens,Nigrospora_oryzae
37,37,MEAox,Fusarium_foetens,Fusarium_foetens
38,48,CREA,Fusarium_tricinctum,Nigrospora_oryzae
38,101,CYA,Fusarium_tricinctum,Rasamsonia_argillacea
38,38,CYA,Fusarium_tricinctum,Fusarium_tricinctum
38,41,OAT,Fusarium_tricinctum,Hypocrea_pulvinata
38,38,YES,Fusarium_tricinctum,Fusarium_tricinctum
38,41,OAT,Fusarium_tricinctum,Hypocrea_pulvinata
38,38,YES,Fusarium_tricinctum,Fusarium_tricinctum
38,11,PDA,Fusarium_tricinctum,Aspergillus_flavus
38,98,OAT,Fusarium_tricinctum,Phoma_pomorum
38,38,YES,Fusarium_tricinctum,Fusarium_tricinctum
38,38,PDA,Fusarium_tricinctum,Fusarium_tricinctum
38,48,CYA,Fusarium_tricinctum,Nigrospora_oryzae
38,38,CREA,Fusarium_tricinctum,Fusarium_tricinctum
38,48,YES,Fusarium_tricinctum,Nigrospora_oryzae
38,41,OAT,Fusarium_tricinctum,Hypocrea_pulvinata
38,98,PDA,Fusarium_tricinctum,Phoma_pomorum
38,98,MEAox,Fusarium_tricinctum,Phoma_pomorum
38,98,PDA,Fusarium_tricinctum,Phoma_pomorum
38,98,CYA,Fusarium_tricinctum,Phoma_pomorum
38,98,MEAox,Fusarium_tricinctum,Phoma_pomorum
38,41,OAT,Fusarium_tricinctum,Hypocrea_pulvinata
38,98,PDA,Fusarium_tricinctum,Phoma_pomorum
38,41,YES,Fusarium_tricinctum,Hypocrea_pulvinata
38,98,MEAox,Fusarium_tricinctum,Phoma_pomorum
39,98,OAT,Hamigera_avellanea,Phoma_pomorum
39,41,YES,Hamigera_avellanea,Hypocrea_pulvinata
39,38,PDA,Hamigera_avellanea,Fusarium_tricinctum
39,86,CREA,Hamigera_avellanea,Penicillium_scabrosum
39,41,MEAox,Hamigera_avellanea,Hypocrea_pulvinata
39,98,OAT,Hamigera_avellanea,Phoma_pomorum
39,38,CYA,Hamigera_avellanea,Fusarium_tricinctum
39,41,MEAox,Hamigera_avellanea,Hypocrea_pulvinata
39,98,PDA,Hamigera_avellanea,Phoma_pomorum
39,98,YES,Hamigera_avellanea,Phoma_pomorum
39,38,CREA,Hamigera_avellanea,Fusarium_tricinctum
39,98,YES,Hamigera_avellanea,Phoma_pomorum
40,48,CREA,Hamigera_avellanea var. alba,Nigrospora_oryzae
40,33,MEAox,Hamigera_avellanea var. alba,Epicoccum_nigrum
40,33,MEAox,Hamigera_avellanea var. alba,Epicoccum_nigrum
40,33,MEAox,Hamigera_avellanea var. alba,Epicoccum_nigrum
40,48,CREA,Hamigera_avellanea var. alba,Nigrospora_oryzae
40,98,PDA,Hamigera_avellanea var. alba,Phoma_pomorum
40,41,CYA,Hamigera_avellanea var. alba,Hypocrea_pulvinata
40,33,MEAox,Hamigera_avellanea var. alba,Epicoccum_nigrum
40,98,PDA,Hamigera_avellanea var. alba,Phoma_pomorum
40,41,MEAox,Hamigera_avellanea var. alba,Hypocrea_pulvinata
40,49,OAT,Hamigera_avellanea var. alba,Paecilomyces_maximus
40,41,YES,Hamigera_avellanea var. alba,Hypocrea_pulvinata
41,41,MEAox,Hypocrea_pulvinata,Hypocrea_pulvinata
41,48,CREA,Hypocrea_pulvinata,Nigrospora_oryzae
41,28,CREA,Hypocrea_pulvinata,Cladosporium
41,33,YES,Hypocrea_pulvinata,Epicoccum_nigrum
41,48,CREA,Hypocrea_pulvinata,Nigrospora_oryzae
41,41,CYA,Hypocrea_pulvinata,Hypocrea_pulvinata
41,41,OAT,Hypocrea_pulvinata,Hypocrea_pulvinata
41,41,PDA,Hypocrea_pulvinata,Hypocrea_pulvinata
41,48,CREA,Hypocrea_pulvinata,Nigrospora_oryzae
41,41,CYA,Hypocrea_pulvinata,Hypocrea_pulvinata
41,41,PDA,Hypocrea_pulvinata,Hypocrea_pulvinata
41,41,CYA,Hypocrea_pulvinata,Hypocrea_pulvinata
41,41,PDA,Hypocrea_pulvinata,Hypocrea_pulvinata
41,41,MEAox,Hypocrea_pulvinata,Hypocrea_pulvinata
41,41,OAT,Hypocrea_pulvinata,Hypocrea_pulvinata
41,33,MEAox,Hypocrea_pulvinata,Epicoccum_nigrum
41,48,PDA,Hypocrea_pulvinata,Nigrospora_oryzae
41,48,CREA,Hypocrea_pulvinata,Nigrospora_oryzae
41,41,OAT,Hypocrea_pulvinata,Hypocrea_pulvinata
41,41,YES,Hypocrea_pulvinata,Hypocrea_pulvinata
41,41,OAT,Hypocrea_pulvinata,Hypocrea_pulvinata
41,41,YES,Hypocrea_pulvinata,Hypocrea_pulvinata
41,48,PDA,Hypocrea_pulvinata,Nigrospora_oryzae
41,33,MEAox,Hypocrea_pulvinata,Epicoccum_nigrum
42,28,CREA,Hypocrea_sulphurea,Cladosporium
42,42,OAT,Hypocrea_sulphurea,Hypocrea_sulphurea
42,28,CREA,Hypocrea_sulphurea,Cladosporium
42,42,OAT,Hypocrea_sulphurea,Hypocrea_sulphurea
42,28,CREA,Hypocrea_sulphurea,Cladosporium
42,11,PDA,Hypocrea_sulphurea,Aspergillus_flavus
42,42,YES,Hypocrea_sulphurea,Hypocrea_sulphurea
42,28,CREA,Hypocrea_sulphurea,Cladosporium
42,28,MEAox,Hypocrea_sulphurea,Cladosporium
42,42,CYA,Hypocrea_sulphurea,Hypocrea_sulphurea
42,42,MEAox,Hypocrea_sulphurea,Hypocrea_sulphurea
42,42,CYA,Hypocrea_sulphurea,Hypocrea_sulphurea
43,11,CYA,Hypocrea_thelephoricola,Aspergillus_flavus
43,83,MEAox,Hypocrea_thelephoricola,Penicillium_rotoruae
43,114,OAT,Hypocrea_thelephoricola,Trichoderma_harzianum
43,114,OAT,Hypocrea_thelephoricola,Trichoderma_harzianum
43,43,PDA,Hypocrea_thelephoricola,Hypocrea_thelephoricola
43,43,PDA,Hypocrea_thelephoricola,Hypocrea_thelephoricola
43,43,MEAox,Hypocrea_thelephoricola,Hypocrea_thelephoricola
43,11,CYA,Hypocrea_thelephoricola,Aspergillus_flavus
43,114,OAT,Hypocrea_thelephoricola,Trichoderma_harzianum
43,43,PDA,Hypocrea_thelephoricola,Hypocrea_thelephoricola
43,114,OAT,Hypocrea_thelephoricola,Trichoderma_harzianum
43,48,CREA,Hypocrea_thelephoricola,Nigrospora_oryzae
44,41,MEAox,Mariannaea_elegans,Hypocrea_pulvinata
44,41,PDA,Mariannaea_elegans,Hypocrea_pulvinata
44,41,YES,Mariannaea_elegans,Hypocrea_pulvinata
44,41,MEAox,Mariannaea_elegans,Hypocrea_pulvinata
44,41,YES,Mariannaea_elegans,Hypocrea_pulvinata
44,41,YES,Mariannaea_elegans,Hypocrea_pulvinata
44,44,MEAox,Mariannaea_elegans,Mariannaea_elegans
44,41,OAT,Mariannaea_elegans,Hypocrea_pulvinata
44,48,CREA,Mariannaea_elegans,Nigrospora_oryzae
44,41,CYA,Mariannaea_elegans,Hypocrea_pulvinata
44,48,CREA,Mariannaea_elegans,Nigrospora_oryzae
44,41,OAT,Mariannaea_elegans,Hypocrea_pulvinata
45,11,OAT,Microdochium_nivale,Aspergillus_flavus
45,28,MEAox,Microdochium_nivale,Cladosporium
45,28,YES,Microdochium_nivale,Cladosporium
45,28,CREA,Microdochium_nivale,Cladosporium
45,28,CYA,Microdochium_nivale,Cladosporium
45,28,MEAox,Microdochium_nivale,Cladosporium
45,22,PDA,Microdochium_nivale,Aspergillus_uvarum
45,22,CYA,Microdochium_nivale,Aspergillus_uvarum
45,80,MEAox,Microdochium_nivale,Penicillium_piscarium
45,22,CYA,Microdochium_nivale,Aspergillus_uvarum
45,116,OAT,Microdochium_nivale,Ulocladium_chartarum
45,116,PDA,Microdochium_nivale,Ulocladium_chartarum
46,41,CYA,Monascus_ruber,Hypocrea_pulvinata
46,98,YES,Monascus_ruber,Phoma_pomorum
46,38,MEAox,Monascus_ruber,Fusarium_tricinctum
46,48,CREA,Monascus_ruber,Nigrospora_oryzae
46,41,CYA,Monascus_ruber,Hypocrea_pulvinata
46,33,YES,Monascus_ruber,Epicoccum_nigrum
46,41,OAT,Monascus_ruber,Hypocrea_pulvinata
46,41,CYA,Monascus_ruber,Hypocrea_pulvinata
46,41,CYA,Monascus_ruber,Hypocrea_pulvinata
46,41,CYA,Monascus_ruber,Hypocrea_pulvinata
46,41,OAT,Monascus_ruber,Hypocrea_pulvinata
46,33,YES,Monascus_ruber,Epicoccum_nigrum
47,48,CYA,Monilinia_fructigena,Nigrospora_oryzae
47,41,YES,Monilinia_fructigena,Hypocrea_pulvinata
47,98,OAT,Monilinia_fructigena,Phoma_pomorum
47,41,MEAox,Monilinia_fructigena,Hypocrea_pulvinata
47,41,YES,Monilinia_fructigena,Hypocrea_pulvinata
47,48,CYA,Monilinia_fructigena,Nigrospora_oryzae
47,48,CREA,Monilinia_fructigena,Nigrospora_oryzae
47,48,PDA,Monilinia_fructigena,Nigrospora_oryzae
47,33,MEAox,Monilinia_fructigena,Epicoccum_nigrum
47,48,PDA,Monilinia_fructigena,Nigrospora_oryzae
47,48,CREA,Monilinia_fructigena,Nigrospora_oryzae
47,48,CYA,Monilinia_fructigena,Nigrospora_oryzae
48,48,MEAox,Nigrospora_oryzae,Nigrospora_oryzae
48,48,OAT,Nigrospora_oryzae,Nigrospora_oryzae
48,48,PDA,Nigrospora_oryzae,Nigrospora_oryzae
48,48,OAT,Nigrospora_oryzae,Nigrospora_oryzae
48,48,YES,Nigrospora_oryzae,Nigrospora_oryzae
48,48,YES,Nigrospora_oryzae,Nigrospora_oryzae
48,48,CREA,Nigrospora_oryzae,Nigrospora_oryzae
48,48,CYA,Nigrospora_oryzae,Nigrospora_oryzae
48,48,OAT,Nigrospora_oryzae,Nigrospora_oryzae
48,48,PDA,Nigrospora_oryzae,Nigrospora_oryzae
48,48,YES,Nigrospora_oryzae,Nigrospora_oryzae
48,48,CREA,Nigrospora_oryzae,Nigrospora_oryzae
48,48,YES,Nigrospora_oryzae,Nigrospora_oryzae
48,48,CYA,Nigrospora_oryzae,Nigrospora_oryzae
48,36,MEAox,Nigrospora_oryzae,Fusarium_equiseti
48,33,MEAox,Nigrospora_oryzae,Epicoccum_nigrum
48,41,YES,Nigrospora_oryzae,Hypocrea_pulvinata
48,48,PDA,Nigrospora_oryzae,Nigrospora_oryzae
48,98,OAT,Nigrospora_oryzae,Phoma_pomorum
48,48,PDA,Nigrospora_oryzae,Nigrospora_oryzae
48,48,PDA,Nigrospora_oryzae,Nigrospora_oryzae
48,33,MEAox,Nigrospora_oryzae,Epicoccum_nigrum
48,48,PDA,Nigrospora_oryzae,Nigrospora_oryzae
48,33,YES,Nigrospora_oryzae,Epicoccum_nigrum
48,48,CREA,Nigrospora_oryzae,Nigrospora_oryzae
48,41,CYA,Nigrospora_oryzae,Hypocrea_pulvinata
48,33,MEAox,Nigrospora_oryzae,Epicoccum_nigrum
48,48,PDA,Nigrospora_oryzae,Nigrospora_oryzae
48,48,CREA,Nigrospora_oryzae,Nigrospora_oryzae
48,48,CREA,Nigrospora_oryzae,Nigrospora_oryzae
48,33,MEAox,Nigrospora_oryzae,Epicoccum_nigrum
48,48,CREA,Nigrospora_oryzae,Nigrospora_oryzae
48,41,OAT,Nigrospora_oryzae,Hypocrea_pulvinata
48,41,CYA,Nigrospora_oryzae,Hypocrea_pulvinata
48,33,MEAox,Nigrospora_oryzae,Epicoccum_nigrum
48,41,YES,Nigrospora_oryzae,Hypocrea_pulvinata
49,41,PDA,Paecilomyces_maximus,Hypocrea_pulvinata
49,79,CREA,Paecilomyces_maximus,Penicillium_onobense
49,48,YES,Paecilomyces_maximus,Nigrospora_oryzae
49,41,OAT,Paecilomyces_maximus,Hypocrea_pulvinata
49,41,PDA,Paecilomyces_maximus,Hypocrea_pulvinata
49,48,YES,Paecilomyces_maximus,Nigrospora_oryzae
49,41,OAT,Paecilomyces_maximus,Hypocrea_pulvinata
49,48,YES,Paecilomyces_maximus,Nigrospora_oryzae
49,98,MEAox,Paecilomyces_maximus,Phoma_pomorum
49,48,YES,Paecilomyces_maximus,Nigrospora_oryzae
49,79,CREA,Paecilomyces_maximus,Penicillium_onobense
49,98,PDA,Paecilomyces_maximus,Phoma_pomorum
49,81,CREA,Paecilomyces_maximus,Penicillium_restrictum
49,98,OAT,Paecilomyces_maximus,Phoma_pomorum
49,49,MEAox,Paecilomyces_maximus,Paecilomyces_maximus
49,48,YES,Paecilomyces_maximus,Nigrospora_oryzae
49,49,MEAox,Paecilomyces_maximus,Paecilomyces_maximus
49,33,MEAox,Paecilomyces_maximus,Epicoccum_nigrum
49,98,OAT,Paecilomyces_maximus,Phoma_pomorum
49,48,YES,Paecilomyces_maximus,Nigrospora_oryzae
49,48,CREA,Paecilomyces_maximus,Nigrospora_oryzae
49,76,MEAox,Paecilomyces_maximus,Penicillium_neojanthinellum
49,76,MEAox,Paecilomyces_maximus,Penicillium_neojanthinellum
49,76,MEAox,Paecilomyces_maximus,Penicillium_neojanthinellum
49,76,PDA,Paecilomyces_maximus,Penicillium_neojanthinellum
49,49,MEAox,Paecilomyces_maximus,Paecilomyces_maximus
49,48,CREA,Paecilomyces_maximus,Nigrospora_oryzae
49,48,CREA,Paecilomyces_maximus,Nigrospora_oryzae
49,76,CYA,Paecilomyces_maximus,Penicillium_neojanthinellum
50,81,MEAox,Penicillago_kabunica,Penicillium_restrictum
50,81,PDA,Penicillago_kabunica,Penicillium_restrictum
50,48,CREA,Penicillago_kabunica,Nigrospora_oryzae
50,81,MEAox,Penicillago_kabunica,Penicillium_restrictum
50,71,CYA,Penicillago_kabunica,Penicillium_hordei
50,98,OAT,Penicillago_kabunica,Phoma_pomorum
50,28,CREA,Penicillago_kabunica,Cladosporium
50,76,MEAox,Penicillago_kabunica,Penicillium_neojanthinellum
50,76,PDA,Penicillago_kabunica,Penicillium_neojanthinellum
50,76,YES,Penicillago_kabunica,Penicillium_neojanthinellum
50,76,YES,Penicillago_kabunica,Penicillium_neojanthinellum
50,28,CREA,Penicillago_kabunica,Cladosporium
51,48,CREA,Penicilliopsis_zonata,Nigrospora_oryzae
51,48,PDA,Penicilliopsis_zonata,Nigrospora_oryzae
51,41,CYA,Penicilliopsis_zonata,Hypocrea_pulvinata
51,41,MEAox,Penicilliopsis_zonata,Hypocrea_pulvinata
51,48,CREA,Penicilliopsis_zonata,Nigrospora_oryzae
51,38,PDA,Penicilliopsis_zonata,Fusarium_tricinctum
51,48,CREA,Penicilliopsis_zonata,Nigrospora_oryzae
51,98,PDA,Penicilliopsis_zonata,Phoma_pomorum
51,41,CYA,Penicilliopsis_zonata,Hypocrea_pulvinata
51,71,YES,Penicilliopsis_zonata,Penicillium_hordei
51,41,CYA,Penicilliopsis_zonata,Hypocrea_pulvinata
51,41,MEAox,Penicilliopsis_zonata,Hypocrea_pulvinata
52,41,OAT,Penicillium restrictum,Hypocrea_pulvinata
52,48,PDA,Penicillium restrictum,Nigrospora_oryzae
52,41,MEAox,Penicillium restrictum,Hypocrea_pulvinata
52,1,YES,Penicillium restrictum,Acremonium_alternatum
52,48,CREA,Penicillium restrictum,Nigrospora_oryzae
52,1,YES,Penicillium restrictum,Acremonium_alternatum
52,98,CYA,Penicillium restrictum,Phoma_pomorum
52,48,PDA,Penicillium restrictum,Nigrospora_oryzae
52,1,YES,Penicillium restrictum,Acremonium_alternatum
52,41,MEAox,Penicillium restrictum,Hypocrea_pulvinata
52,48,PDA,Penicillium restrictum,Nigrospora_oryzae
52,41,OAT,Penicillium restrictum,Hypocrea_pulvinata
53,104,YES,Penicillium_allii-sativi,Rhizomucor_pusillus
53,53,CYA,Penicillium_allii-sativi,Penicillium_allii-sativi
53,104,YES,Penicillium_allii-sativi,Rhizomucor_pusillus
53,53,CREA,Penicillium_allii-sativi,Penicillium_allii-sativi
53,104,YES,Penicillium_allii-sativi,Rhizomucor_pusillus
53,53,CREA,Penicillium_allii-sativi,Penicillium_allii-sativi
53,53,CREA,Penicillium_allii-sativi,Penicillium_allii-sativi
53,53,CYA,Penicillium_allii-sativi,Penicillium_allii-sativi
53,88,MEAox,Penicillium_allii-sativi,Penicillium_steckii
53,104,OAT,Penicillium_allii-sativi,Rhizomucor_pusillus
53,104,OAT,Penicillium_allii-sativi,Rhizomucor_pusillus
53,83,PDA,Penicillium_allii-sativi,Penicillium_rotoruae
54,67,CYA,Penicillium_antarcticum,Penicillium_flavigenum
54,86,MEAox,Penicillium_antarcticum,Penicillium_scabrosum
54,53,PDA,Penicillium_antarcticum,Penicillium_allii-sativi
54,69,YES,Penicillium_antarcticum,Penicillium_glabrum
54,69,OAT,Penicillium_antarcticum,Penicillium_glabrum
54,53,PDA,Penicillium_antarcticum,Penicillium_allii-sativi
54,67,PDA,Penicillium_antarcticum,Penicillium_flavigenum
54,54,YES,Penicillium_antarcticum,Penicillium_antarcticum
54,77,MEAox,Penicillium_antarcticum,Penicillium_ochrochloron
54,54,YES,Penicillium_antarcticum,Penicillium_antarcticum
54,69,YES,Penicillium_antarcticum,Penicillium_glabrum
55,85,OAT,Penicillium_arizonense,Penicillium_rubens
55,92,CYA,Penicillium_arizonense,Penicillium_wotroi
55,83,PDA,Penicillium_arizonense,Penicillium_rotoruae
55,41,CREA,Penicillium_arizonense,Hypocrea_pulvinata
55,85,MEAox,Penicillium_arizonense,Penicillium_rubens
55,83,PDA,Penicillium_arizonense,Penicillium_rotoruae
55,41,CREA,Penicillium_arizonense,Hypocrea_pulvinata
55,83,PDA,Penicillium_arizonense,Penicillium_rotoruae
55,92,CYA,Penicillium_arizonense,Penicillium_wotroi
56,86,PDA,Penicillium_atramentosum,Penicillium_scabrosum
56,86,PDA,Penicillium_atramentosum,Penicillium_scabrosum
56,94,YES,Penicillium_atramentosum,Pezicula_carpinea
56,86,YES,Penicillium_atramentosum,Penicillium_scabrosum
56,56,CYA,Penicillium_atramentosum,Penicillium_atramentosum
56,104,CYA,Penicillium_atramentosum,Rhizomucor_pusillus
56,88,MEAox,Penicillium_atramentosum,Penicillium_steckii
56,86,PDA,Penicillium_atramentosum,Penicillium_scabrosum
56,86,OAT,Penicillium_atramentosum,Penicillium_scabrosum
56,56,PDA,Penicillium_atramentosum,Penicillium_atramentosum
56,88,YES,Penicillium_atramentosum,Penicillium_steckii
56,88,YES,Penicillium_atramentosum,Penicillium_steckii
57,59,YES,Penicillium_brasilianum,Penicillium_canescens
57,79,CREA,Penicillium_brasilianum,Penicillium_onobense
57,76,CYA,Penicillium_brasilianum,Penicillium_neojanthinellum
57,77,YES,Penicillium_brasilianum,Penicillium_ochrochloron
57,76,CYA,Penicillium_brasilianum,Penicillium_neojanthinellum
57,76,YES,Penicillium_brasilianum,Penicillium_neojanthinellum
57,79,OAT,Penicillium_brasilianum,Penicillium_onobense
57,86,PDA,Penicillium_brasilianum,Penicillium_scabrosum
57,76,MEAox,Penicillium_brasilianum,Penicillium_neojanthinellum
57,86,PDA,Penicillium_brasilianum,Penicillium_scabrosum
57,76,YES,Penicillium_brasilianum,Penicillium_neojanthinellum
57,53,PDA,Penicillium_brasilianum,Penicillium_allii-sativi
58,92,PDA,Penicillium_camponotum,Penicillium_wotroi
58,83,OAT,Penicillium_camponotum,Penicillium_rotoruae
58,83,PDA,Penicillium_camponotum,Penicillium_rotoruae
58,83,OAT,Penicillium_camponotum,Penicillium_rotoruae
58,83,MEAox,Penicillium_camponotum,Penicillium_rotoruae
58,83,PDA,Penicillium_camponotum,Penicillium_rotoruae
58,69,YES,Penicillium_camponotum,Penicillium_glabrum
58,38,CYA,Penicillium_camponotum,Fusarium_tricinctum
58,38,CYA,Penicillium_camponotum,Fusarium_tricinctum
58,83,PDA,Penicillium_camponotum,Penicillium_rotoruae
58,83,MEAox,Penicillium_camponotum,Penicillium_rotoruae
59,48,CREA,Penicillium_canescens,Nigrospora_oryzae
59,81,PDA,Penicillium_canescens,Penicillium_restrictum
59,59,MEAox,Penicillium_canescens,Penicillium_canescens
59,23,OAT,Penicillium_canescens,Aspergillus_wentii
59,81,YES,Penicillium_canescens,Penicillium_restrictum
59,81,CYA,Penicillium_canescens,Penicillium_restrictum
59,81,MEAox,Penicillium_canescens,Penicillium_restrictum
59,81,YES,Penicillium_canescens,Penicillium_restrictum
59,81,YES,Penicillium_canescens,Penicillium_restrictum
59,49,OAT,Penicillium_canescens,Paecilomyces_maximus
59,81,YES,Penicillium_canescens,Penicillium_restrictum
59,79,CREA,Penicillium_canescens,Penicillium_onobense
59,81,CYA,Penicillium_canescens,Penicillium_restrictum
59,81,MEAox,Penicillium_canescens,Penicillium_restrictum
59,81,CYA,Penicillium_canescens,Penicillium_restrictum
59,79,CREA,Penicillium_canescens,Penicillium_onobense
59,81,PDA,Penicillium_canescens,Penicillium_restrictum
59,81,YES,Penicillium_canescens,Penicillium_restrictum
59,81,CYA,Penicillium_canescens,Penicillium_restrictum
59,77,MEAox,Penicillium_canescens,Penicillium_ochrochloron
59,81,PDA,Penicillium_canescens,Penicillium_restrictum
59,81,PDA,Penicillium_canescens,Penicillium_restrictum
59,81,PDA,Penicillium_canescens,Penicillium_restrictum
59,76,YES,Penicillium_canescens,Penicillium_neojanthinellum
60,48,CREA,Penicillium_caseifulvum,Nigrospora_oryzae
60,48,CREA,Penicillium_caseifulvum,Nigrospora_oryzae
60,49,CYA,Penicillium_caseifulvum,Paecilomyces_maximus
60,1,YES,Penicillium_caseifulvum,Acremonium_alternatum
60,86,OAT,Penicillium_caseifulvum,Penicillium_scabrosum
60,94,YES,Penicillium_caseifulvum,Pezicula_carpinea
60,94,YES,Penicillium_caseifulvum,Pezicula_carpinea
60,94,YES,Penicillium_caseifulvum,Pezicula_carpinea
61,53,PDA,Penicillium_chrysogenum,Penicillium_allii-sativi
61,41,CREA,Penicillium_chrysogenum,Hypocrea_pulvinata
61,104,PDA,Penicillium_chrysogenum,Rhizomucor_pusillus
61,61,OAT,Penicillium_chrysogenum,Penicillium_chrysogenum
61,84,PDA,Penicillium_chrysogenum,Penicillium_ruben
61,104,MEAox,Penicillium_chrysogenum,Rhizomucor_pusillus
61,41,CREA,Penicillium_chrysogenum,Hypocrea_pulvinata
61,61,YES,Penicillium_chrysogenum,Penicillium_chrysogenum
61,61,CYA,Penicillium_chrysogenum,Penicillium_chrysogenum
61,61,OAT,Penicillium_chrysogenum,Penicillium_chrysogenum
61,61,MEAox,Penicillium_chrysogenum,Penicillium_chrysogenum
61,84,PDA,Penicillium_chrysogenum,Penicillium_ruben
62,72,PDA,Penicillium_citrinum,Penicillium_janczewskii
62,98,OAT,Penicillium_citrinum,Phoma_pomorum
62,38,MEAox,Penicillium_citrinum,Fusarium_tricinctum
62,71,YES,Penicillium_citrinum,Penicillium_hordei
62,38,MEAox,Penicillium_citrinum,Fusarium_tricinctum
62,69,OAT,Penicillium_citrinum,Penicillium_glabrum
62,76,PDA,Penicillium_citrinum,Penicillium_neojanthinellum
62,81,YES,Penicillium_citrinum,Penicillium_restrictum
62,35,CYA,Penicillium_citrinum,Fusarium_chlamydosporum
62,38,MEAox,Penicillium_citrinum,Fusarium_tricinctum
62,38,YES,Penicillium_citrinum,Fusarium_tricinctum
62,76,PDA,Penicillium_citrinum,Penicillium_neojanthinellum
63,48,PDA,Penicillium_coprobium,Nigrospora_oryzae
63,1,YES,Penicillium_coprobium,Acremonium_alternatum
63,48,CREA,Penicillium_coprobium,Nigrospora_oryzae
63,48,PDA,Penicillium_coprobium,Nigrospora_oryzae
63,94,YES,Penicillium_coprobium,Pezicula_carpinea
63,81,MEAox,Penicillium_coprobium,Penicillium_restrictum
63,94,YES,Penicillium_coprobium,Pezicula_carpinea
64,48,CREA,Penicillium_croceum,Nigrospora_oryzae
64,59,PDA,Penicillium_croceum,Penicillium_canescens
64,94,YES,Penicillium_croceum,Pezicula_carpinea
64,48,CREA,Penicillium_croceum,Nigrospora_oryzae
64,94,YES,Penicillium_croceum,Pezicula_carpinea
64,48,CREA,Penicillium_croceum,Nigrospora_oryzae
64,1,CYA,Penicillium_croceum,Acremonium_alternatum
64,59,CYA,Penicillium_croceum,Penicillium_canescens
64,81,MEAox,Penicillium_croceum,Penicillium_restrictum
64,81,MEAox,Penicillium_croceum,Penicillium_restrictum
64,59,CYA,Penicillium_croceum,Penicillium_canescens
64,98,OAT,Penicillium_croceum,Phoma_pomorum
65,41,OAT,Penicillium_damascenum,Hypocrea_pulvinata
65,41,OAT,Penicillium_damascenum,Hypocrea_pulvinata
65,41,OAT,Penicillium_damascenum,Hypocrea_pulvinata
65,76,PDA,Penicillium_damascenum,Penicillium_neojanthinellum
65,41,OAT,Penicillium_damascenum,Hypocrea_pulvinata
65,76,PDA,Penicillium_damascenum,Penicillium_neojanthinellum
65,76,YES,Penicillium_damascenum,Penicillium_neojanthinellum
65,38,CREA,Penicillium_damascenum,Fusarium_tricinctum
65,76,YES,Penicillium_damascenum,Penicillium_neojanthinellum
65,71,MEAox,Penicillium_damascenum,Penicillium_hordei
65,41,OAT,Penicillium_damascenum,Hypocrea_pulvinata
65,38,CREA,Penicillium_damascenum,Fusarium_tricinctum
66,38,CREA,Penicillium_fagi,Fusarium_tricinctum
66,78,OAT,Penicillium_fagi,Penicillium_olsonii
66,92,PDA,Penicillium_fagi,Penicillium_wotroi
66,92,MEAox,Penicillium_fagi,Penicillium_wotroi
66,92,OAT,Penicillium_fagi,Penicillium_wotroi
66,76,YES,Penicillium_fagi,Penicillium_neojanthinellum
66,54,MEAox,Penicillium_fagi,Penicillium_antarcticum
66,83,PDA,Penicillium_fagi,Penicillium_rotoruae
66,92,OAT,Penicillium_fagi,Penicillium_wotroi
66,76,YES,Penicillium_fagi,Penicillium_neojanthinellum
66,38,YES,Penicillium_fagi,Fusarium_tricinctum
66,98,CREA,Penicillium_fagi,Phoma_pomorum
66,83,OAT,Penicillium_fagi,Penicillium_rotoruae
66,11,MEAox,Penicillium_fagi,Aspergillus_flavus
66,38,YES,Penicillium_fagi,Fusarium_tricinctum
66,38,CYA,Penicillium_fagi,Fusarium_tricinctum
66,38,YES,Penicillium_fagi,Fusarium_tricinctum
66,83,OAT,Penicillium_fagi,Penicillium_rotoruae
66,38,YES,Penicillium_fagi,Fusarium_tricinctum
67,76,YES,Penicillium_flavigenum,Penicillium_neojanthinellum
67,67,YES,Penicillium_flavigenum,Penicillium_flavigenum
67,104,PDA,Penicillium_flavigenum,Rhizomucor_pusillus
67,88,MEAox,Penicillium_flavigenum,Penicillium_steckii
67,33,CREA,Penicillium_flavigenum,Epicoccum_nigrum
67,67,MEAox,Penicillium_flavigenum,Penicillium_flavigenum
67,67,OAT,Penicillium_flavigenum,Penicillium_flavigenum
67,33,CREA,Penicillium_flavigenum,Epicoccum_nigrum
67,67,OAT,Penicillium_flavigenum,Penicillium_flavigenum
67,67,CYA,Penicillium_flavigenum,Penicillium_flavigenum
67,67,MEAox,Penicillium_flavigenum,Penicillium_flavigenum
67,41,CREA,Penicillium_flavigenum,Hypocrea_pulvinata
68,85,MEAox,Penicillium_frequentans,Penicillium_rubens
68,108,CYA,Penicillium_frequentans,Stemphylium_vesicarium
68,85,MEAox,Penicillium_frequentans,Penicillium_rubens
68,41,CREA,Penicillium_frequentans,Hypocrea_pulvinata
68,85,MEAox,Penicillium_frequentans,Penicillium_rubens
68,28,PDA,Penicillium_frequentans,Cladosporium
68,85,MEAox,Penicillium_frequentans,Penicillium_rubens
69,79,CREA,Penicillium_glabrum,Penicillium_onobense
69,79,CREA,Penicillium_glabrum,Penicillium_onobense
69,67,CYA,Penicillium_glabrum,Penicillium_flavigenum
69,86,MEAox,Penicillium_glabrum,Penicillium_scabrosum
69,67,CYA,Penicillium_glabrum,Penicillium_flavigenum
69,69,YES,Penicillium_glabrum,Penicillium_glabrum
69,69,MEAox,Penicillium_glabrum,Penicillium_glabrum
69,69,OAT,Penicillium_glabrum,Penicillium_glabrum
69,69,PDA,Penicillium_glabrum,Penicillium_glabrum
69,76,CYA,Penicillium_glabrum,Penicillium_neojanthinellum
69,92,PDA,Penicillium_glabrum,Penicillium_wotroi
69,83,OAT,Penicillium_glabrum,Penicillium_rotoruae
69,69,PDA,Penicillium_glabrum,Penicillium_glabrum
69,44,CREA,Penicillium_glabrum,Mariannaea_elegans
69,69,MEAox,Penicillium_glabrum,Penicillium_glabrum
69,83,OAT,Penicillium_glabrum,Penicillium_rotoruae
69,69,PDA,Penicillium_glabrum,Penicillium_glabrum
69,41,CREA,Penicillium_glabrum,Hypocrea_pulvinata
69,69,CYA,Penicillium_glabrum,Penicillium_glabrum
69,69,PDA,Penicillium_glabrum,Penicillium_glabrum
70,75,MEAox,Penicillium_griseopurpureum,Penicillium_manginii
70,76,OAT,Penicillium_griseopurpureum,Penicillium_neojanthinellum
70,76,CYA,Penicillium_griseopurpureum,Penicillium_neojanthinellum
70,94,PDA,Penicillium_griseopurpureum,Pezicula_carpinea
70,75,MEAox,Penicillium_griseopurpureum,Penicillium_manginii
70,33,MEAox,Penicillium_griseopurpureum,Epicoccum_nigrum
70,76,OAT,Penicillium_griseopurpureum,Penicillium_neojanthinellum
71,71,YES,Penicillium_hordei,Penicillium_hordei
71,81,CYA,Penicillium_hordei,Penicillium_restrictum
71,23,PDA,Penicillium_hordei,Aspergillus_wentii
71,71,YES,Penicillium_hordei,Penicillium_hordei
71,79,CREA,Penicillium_hordei,Penicillium_onobense
71,81,CYA,Penicillium_hordei,Penicillium_restrictum
71,49,PDA,Penicillium_hordei,Paecilomyces_maximus
71,49,OAT,Penicillium_hordei,Paecilomyces_maximus
71,23,PDA,Penicillium_hordei,Aspergillus_wentii
71,19,YES,Penicillium_hordei,Aspergillus_puniceus
71,23,PDA,Penicillium_hordei,Aspergillus_wentii
71,1,CREA,Penicillium_hordei,Acremonium_alternatum
72,81,YES,Penicillium_janczewskii,Penicillium_restrictum
72,49,OAT,Penicillium_janczewskii,Paecilomyces_maximus
72,72,YES,Penicillium_janczewskii,Penicillium_janczewskii
72,59,MEAox,Penicillium_janczewskii,Penicillium_canescens
72,81,MEAox,Penicillium_janczewskii,Penicillium_restrictum
72,79,PDA,Penicillium_janczewskii,Penicillium_onobense
72,76,CYA,Penicillium_janczewskii,Penicillium_neojanthinellum
72,73,MEAox,Penicillium_janczewskii,Penicillium_jensenii
72,79,PDA,Penicillium_janczewskii,Penicillium_onobense
72,81,MEAox,Penicillium_janczewskii,Penicillium_restrictum
72,59,YES,Penicillium_janczewskii,Penicillium_canescens
72,76,CREA,Penicillium_janczewskii,Penicillium_neojanthinellum
72,76,CYA,Penicillium_janczewskii,Penicillium_neojanthinellum
72,81,PDA,Penicillium_janczewskii,Penicillium_restrictum
72,59,YES,Penicillium_janczewskii,Penicillium_canescens
72,76,CREA,Penicillium_janczewskii,Penicillium_neojanthinellum
72,59,PDA,Penicillium_janczewskii,Penicillium_canescens
72,76,CYA,Penicillium_janczewskii,Penicillium_neojanthinellum
72,59,PDA,Penicillium_janczewskii,Penicillium_canescens
72,23,OAT,Penicillium_janczewskii,Aspergillus_wentii
72,77,MEAox,Penicillium_janczewskii,Penicillium_ochrochloron
72,49,OAT,Penicillium_janczewskii,Paecilomyces_maximus
72,77,PDA,Penicillium_janczewskii,Penicillium_ochrochloron
72,76,CYA,Penicillium_janczewskii,Penicillium_neojanthinellum
73,59,PDA,Penicillium_jensenii,Penicillium_canescens
73,94,YES,Penicillium_jensenii,Pezicula_carpinea
73,59,CYA,Penicillium_jensenii,Penicillium_canescens
73,81,PDA,Penicillium_jensenii,Penicillium_restrictum
73,59,CYA,Penicillium_jensenii,Penicillium_canescens
73,71,YES,Penicillium_jensenii,Penicillium_hordei
73,86,CYA,Penicillium_jensenii,Penicillium_scabrosum
73,77,OAT,Penicillium_jensenii,Penicillium_ochrochloron
73,77,PDA,Penicillium_jensenii,Penicillium_ochrochloron
73,76,CREA,Penicillium_jensenii,Penicillium_neojanthinellum
73,77,OAT,Penicillium_jensenii,Penicillium_ochrochloron
73,53,CYA,Penicillium_jensenii,Penicillium_allii-sativi
74,79,CREA,Penicillium_krskae,Penicillium_onobense
74,48,OAT,Penicillium_krskae,Nigrospora_oryzae
74,81,YES,Penicillium_krskae,Penicillium_restrictum
74,81,MEAox,Penicillium_krskae,Penicillium_restrictum
74,48,OAT,Penicillium_krskae,Nigrospora_oryzae
74,81,YES,Penicillium_krskae,Penicillium_restrictum
74,81,CYA,Penicillium_krskae,Penicillium_restrictum
74,81,MEAox,Penicillium_krskae,Penicillium_restrictum
74,72,MEAox,Penicillium_krskae,Penicillium_janczewskii
74,76,PDA,Penicillium_krskae,Penicillium_neojanthinellum
74,91,YES,Penicillium_krskae,Penicillium_waksmanii
74,91,YES,Penicillium_krskae,Penicillium_waksmanii
75,48,PDA,Penicillium_manginii,Nigrospora_oryzae
75,48,CYA,Penicillium_manginii,Nigrospora_oryzae
75,86,MEAox,Penicillium_manginii,Penicillium_scabrosum
75,86,PDA,Penicillium_manginii,Penicillium_scabrosum
75,98,CYA,Penicillium_manginii,Phoma_pomorum
75,79,CREA,Penicillium_manginii,Penicillium_onobense
75,86,MEAox,Penicillium_manginii,Penicillium_scabrosum
75,86,MEAox,Penicillium_manginii,Penicillium_scabrosum
75,79,CREA,Penicillium_manginii,Penicillium_onobense
75,98,CYA,Penicillium_manginii,Phoma_pomorum
75,86,MEAox,Penicillium_manginii,Penicillium_scabrosum
75,69,PDA,Penicillium_manginii,Penicillium_glabrum
76,72,MEAox,Penicillium_neojanthinellum,Penicillium_janczewskii
76,76,CYA,Penicillium_neojanthinellum,Penicillium_neojanthinellum
76,79,MEAox,Penicillium_neojanthinellum,Penicillium_onobense
76,79,OAT,Penicillium_neojanthinellum,Penicillium_onobense
76,72,YES,Penicillium_neojanthinellum,Penicillium_janczewskii
76,76,OAT,Penicillium_neojanthinellum,Penicillium_neojanthinellum
76,76,MEAox,Penicillium_neojanthinellum,Penicillium_neojanthinellum
76,76,CREA,Penicillium_neojanthinellum,Penicillium_neojanthinellum
76,76,PDA,Penicillium_neojanthinellum,Penicillium_neojanthinellum
76,76,YES,Penicillium_neojanthinellum,Penicillium_neojanthinellum
76,79,CREA,Penicillium_neojanthinellum,Penicillium_onobense
76,76,OAT,Penicillium_neojanthinellum,Penicillium_neojanthinellum
76,76,PDA,Penicillium_neojanthinellum,Penicillium_neojanthinellum
76,76,OAT,Penicillium_neojanthinellum,Penicillium_neojanthinellum
76,76,PDA,Penicillium_neojanthinellum,Penicillium_neojanthinellum
76,4,YES,Penicillium_neojanthinellum,Arthrinium_phaeospermum
76,79,CREA,Penicillium_neojanthinellum,Penicillium_onobense
76,76,MEAox,Penicillium_neojanthinellum,Penicillium_neojanthinellum
76,76,OAT,Penicillium_neojanthinellum,Penicillium_neojanthinellum
76,76,PDA,Penicillium_neojanthinellum,Penicillium_neojanthinellum
76,79,CREA,Penicillium_neojanthinellum,Penicillium_onobense
76,76,MEAox,Penicillium_neojanthinellum,Penicillium_neojanthinellum
76,76,MEAox,Penicillium_neojanthinellum,Penicillium_neojanthinellum
76,76,PDA,Penicillium_neojanthinellum,Penicillium_neojanthinellum
76,76,CYA,Penicillium_neojanthinellum,Penicillium_neojanthinellum
76,76,OAT,Penicillium_neojanthinellum,Penicillium_neojanthinellum
76,76,PDA,Penicillium_neojanthinellum,Penicillium_neojanthinellum
76,38,OAT,Penicillium_neojanthinellum,Fusarium_tricinctum
76,76,YES,Penicillium_neojanthinellum,Penicillium_neojanthinellum
76,69,MEAox,Penicillium_neojanthinellum,Penicillium_glabrum
76,38,CREA,Penicillium_neojanthinellum,Fusarium_tricinctum
76,78,OAT,Penicillium_neojanthinellum,Penicillium_olsonii
76,92,MEAox,Penicillium_neojanthinellum,Penicillium_wotroi
76,76,CYA,Penicillium_neojanthinellum,Penicillium_neojanthinellum
76,11,CREA,Penicillium_neojanthinellum,Aspergillus_flavus
76,92,MEAox,Penicillium_neojanthinellum,Penicillium_wotroi
76,4,YES,Penicillium_neojanthinellum,Arthrinium_phaeospermum
76,83,OAT,Penicillium_neojanthinellum,Penicillium_rotoruae
76,77,MEAox,Penicillium_neojanthinellum,Penicillium_ochrochloron
76,79,OAT,Penicillium_neojanthinellum,Penicillium_onobense
76,76,PDA,Penicillium_neojanthinellum,Penicillium_neojanthinellum
76,76,YES,Penicillium_neojanthinellum,Penicillium_neojanthinellum
76,76,MEAox,Penicillium_neojanthinellum,Penicillium_neojanthinellum
76,76,CREA,Penicillium_neojanthinellum,Penicillium_neojanthinellum
76,76,OAT,Penicillium_neojanthinellum,Penicillium_neojanthinellum
76,76,PDA,Penicillium_neojanthinellum,Penicillium_neojanthinellum
76,79,CREA,Penicillium_neojanthinellum,Penicillium_onobense
76,76,MEAox,Penicillium_neojanthinellum,Penicillium_neojanthinellum
77,48,CREA,Penicillium_ochrochloron,Nigrospora_oryzae
77,77,CYA,Penicillium_ochrochloron,Penicillium_ochrochloron
77,86,PDA,Penicillium_ochrochloron,Penicillium_scabrosum
77,48,CREA,Penicillium_ochrochloron,Nigrospora_oryzae
77,77,CYA,Penicillium_ochrochloron,Penicillium_ochrochloron
77,77,YES,Penicillium_ochrochloron,Penicillium_ochrochloron
77,86,OAT,Penicillium_ochrochloron,Penicillium_scabrosum
77,77,MEAox,Penicillium_ochrochloron,Penicillium_ochrochloron
77,53,PDA,Penicillium_ochrochloron,Penicillium_allii-sativi
77,76,YES,Penicillium_ochrochloron,Penicillium_neojanthinellum
77,49,OAT,Penicillium_ochrochloron,Paecilomyces_maximus
77,81,CYA,Penicillium_ochrochloron,Penicillium_restrictum
77,79,CREA,Penicillium_ochrochloron,Penicillium_onobense
77,76,YES,Penicillium_ochrochloron,Penicillium_neojanthinellum
77,79,CREA,Penicillium_ochrochloron,Penicillium_onobense
77,77,OAT,Penicillium_ochrochloron,Penicillium_ochrochloron
77,77,PDA,Penicillium_ochrochloron,Penicillium_ochrochloron
77,76,CYA,Penicillium_ochrochloron,Penicillium_neojanthinellum
77,38,CREA,Penicillium_ochrochloron,Fusarium_tricinctum
77,76,CYA,Penicillium_ochrochloron,Penicillium_neojanthinellum
77,76,OAT,Penicillium_ochrochloron,Penicillium_neojanthinellum
77,79,PDA,Penicillium_ochrochloron,Penicillium_onobense
77,38,CREA,Penicillium_ochrochloron,Fusarium_tricinctum
77,77,OAT,Penicillium_ochrochloron,Penicillium_ochrochloron
78,86,PDA,Penicillium_olsonii,Penicillium_scabrosum
78,69,CYA,Penicillium_olsonii,Penicillium_glabrum
78,54,YES,Penicillium_olsonii,Penicillium_antarcticum
78,69,CYA,Penicillium_olsonii,Penicillium_glabrum
78,82,OAT,Penicillium_olsonii,Penicillium_ribium
78,79,CREA,Penicillium_olsonii,Penicillium_onobense
78,69,CYA,Penicillium_olsonii,Penicillium_glabrum
78,69,MEAox,Penicillium_olsonii,Penicillium_glabrum
78,69,CYA,Penicillium_olsonii,Penicillium_glabrum
78,69,CYA,Penicillium_olsonii,Penicillium_glabrum
78,69,CYA,Penicillium_olsonii,Penicillium_glabrum
78,69,MEAox,Penicillium_olsonii,Penicillium_glabrum
79,77,MEAox,Penicillium_onobense,Penicillium_ochrochloron
79,76,CYA,Penicillium_onobense,Penicillium_neojanthinellum
79,76,YES,Penicillium_onobense,Penicillium_neojanthinellum
79,76,CYA,Penicillium_onobense,Penicillium_neojanthinellum
79,79,OAT,Penicillium_onobense,Penicillium_onobense
79,76,YES,Penicillium_onobense,Penicillium_neojanthinellum
79,69,MEAox,Penicillium_onobense,Penicillium_glabrum
79,83,OAT,Penicillium_onobense,Penicillium_rotoruae
79,79,CREA,Penicillium_onobense,Penicillium_onobense
79,48,PDA,Penicillium_onobense,Nigrospora_oryzae
79,81,YES,Penicillium_onobense,Penicillium_restrictum
79,72,YES,Penicillium_onobense,Penicillium_janczewskii
79,76,CYA,Penicillium_onobense,Penicillium_neojanthinellum
79,91,YES,Penicillium_onobense,Penicillium_waksmanii
79,79,CREA,Penicillium_onobense,Penicillium_onobense
79,76,OAT,Penicillium_onobense,Penicillium_neojanthinellum
79,48,PDA,Penicillium_onobense,Nigrospora_oryzae
79,76,CYA,Penicillium_onobense,Penicillium_neojanthinellum
79,48,PDA,Penicillium_onobense,Nigrospora_oryzae
79,76,MEAox,Penicillium_onobense,Penicillium_neojanthinellum
79,48,PDA,Penicillium_onobense,Nigrospora_oryzae
79,76,CYA,Penicillium_onobense,Penicillium_neojanthinellum
79,79,CREA,Penicillium_onobense,Penicillium_onobense
79,81,YES,Penicillium_onobense,Penicillium_restrictum
79,81,CYA,Penicillium_onobense,Penicillium_restrictum
79,23,OAT,Penicillium_onobense,Aspergillus_wentii
79,76,CYA,Penicillium_onobense,Penicillium_neojanthinellum
79,76,MEAox,Penicillium_onobense,Penicillium_neojanthinellum
79,79,PDA,Penicillium_onobense,Penicillium_onobense
79,76,CREA,Penicillium_onobense,Penicillium_neojanthinellum
79,79,CREA,Penicillium_onobense,Penicillium_onobense
79,76,CREA,Penicillium_onobense,Penicillium_neojanthinellum
79,69,MEAox,Penicillium_onobense,Penicillium_glabrum
79,76,PDA,Penicillium_onobense,Penicillium_neojanthinellum
79,69,MEAox,Penicillium_onobense,Penicillium_glabrum
79,76,YES,Penicillium_onobense,Penicillium_neojanthinellum
80,80,MEAox,Penicillium_piscarium,Penicillium_piscarium
80,41,CREA,Penicillium_piscarium,Hypocrea_pulvinata
80,80,MEAox,Penicillium_piscarium,Penicillium_piscarium
80,80,MEAox,Penicillium_piscarium,Penicillium_piscarium
80,80,CYA,Penicillium_piscarium,Penicillium_piscarium
80,80,OAT,Penicillium_piscarium,Penicillium_piscarium
80,105,YES,Penicillium_piscarium,Rhizopus_microsporus
80,80,OAT,Penicillium_piscarium,Penicillium_piscarium
80,105,YES,Penicillium_piscarium,Rhizopus_microsporus
80,41,CREA,Penicillium_piscarium,Hypocrea_pulvinata
80,105,YES,Penicillium_piscarium,Rhizopus_microsporus
81,59,OAT,Penicillium_restrictum,Penicillium_canescens
81,79,CREA,Penicillium_restrictum,Penicillium_onobense
81,81,CYA,Penicillium_restrictum,Penicillium_restrictum
81,81,PDA,Penicillium_restrictum,Penicillium_restrictum
81,81,PDA,Penicillium_restrictum,Penicillium_restrictum
81,79,CREA,Penicillium_restrictum,Penicillium_onobense
81,59,OAT,Penicillium_restrictum,Penicillium_canescens
81,81,YES,Penicillium_restrictum,Penicillium_restrictum
81,81,CYA,Penicillium_restrictum,Penicillium_restrictum
81,81,MEAox,Penicillium_restrictum,Penicillium_restrictum
81,81,MEAox,Penicillium_restrictum,Penicillium_restrictum
81,81,PDA,Penicillium_restrictum,Penicillium_restrictum
81,79,CREA,Penicillium_restrictum,Penicillium_onobense
81,81,CYA,Penicillium_restrictum,Penicillium_restrictum
81,81,MEAox,Penicillium_restrictum,Penicillium_restrictum
81,81,YES,Penicillium_restrictum,Penicillium_restrictum
81,79,CREA,Penicillium_restrictum,Penicillium_onobense
81,81,MEAox,Penicillium_restrictum,Penicillium_restrictum
81,23,OAT,Penicillium_restrictum,Aspergillus_wentii
81,81,CYA,Penicillium_restrictum,Penicillium_restrictum
81,90,OAT,Penicillium_restrictum,Penicillium_vulpinum
81,81,CYA,Penicillium_restrictum,Penicillium_restrictum
81,81,YES,Penicillium_restrictum,Penicillium_restrictum
81,81,MEAox,Penicillium_restrictum,Penicillium_restrictum
82,48,CREA,Penicillium_ribium,Nigrospora_oryzae
82,38,CREA,Penicillium_ribium,Fusarium_tricinctum
82,69,CYA,Penicillium_ribium,Penicillium_glabrum
82,33,MEAox,Penicillium_ribium,Epicoccum_nigrum
82,48,PDA,Penicillium_ribium,Nigrospora_oryzae
82,69,YES,Penicillium_ribium,Penicillium_glabrum
82,69,CYA,Penicillium_ribium,Penicillium_glabrum
82,41,OAT,Penicillium_ribium,Hypocrea_pulvinata
82,86,MEAox,Penicillium_ribium,Penicillium_scabrosum
82,69,YES,Penicillium_ribium,Penicillium_glabrum
82,44,CREA,Penicillium_ribium,Mariannaea_elegans
82,41,OAT,Penicillium_ribium,Hypocrea_pulvinata
83,83,PDA,Penicillium_rotoruae,Penicillium_rotoruae
83,83,PDA,Penicillium_rotoruae,Penicillium_rotoruae
83,108,CYA,Penicillium_rotoruae,Stemphylium_vesicarium
83,83,MEAox,Penicillium_rotoruae,Penicillium_rotoruae
83,76,YES,Penicillium_rotoruae,Penicillium_neojanthinellum
83,108,CYA,Penicillium_rotoruae,Stemphylium_vesicarium
83,83,OAT,Penicillium_rotoruae,Penicillium_rotoruae
83,108,CYA,Penicillium_rotoruae,Stemphylium_vesicarium
83,76,YES,Penicillium_rotoruae,Penicillium_neojanthinellum
83,108,CYA,Penicillium_rotoruae,Stemphylium_vesicarium
83,83,OAT,Penicillium_rotoruae,Penicillium_rotoruae
83,69,YES,Penicillium_rotoruae,Penicillium_glabrum
83,69,YES,Penicillium_rotoruae,Penicillium_glabrum
83,98,OAT,Penicillium_rotoruae,Phoma_pomorum
83,92,YES,Penicillium_rotoruae,Penicillium_wotroi
83,102,CYA,Penicillium_rotoruae,Rasamsonia_eburnea
83,83,PDA,Penicillium_rotoruae,Penicillium_rotoruae
83,33,CREA,Penicillium_rotoruae,Epicoccum_nigrum
83,102,CYA,Penicillium_rotoruae,Rasamsonia_eburnea
83,108,CYA,Penicillium_rotoruae,Stemphylium_vesicarium
83,83,MEAox,Penicillium_rotoruae,Penicillium_rotoruae
83,98,OAT,Penicillium_rotoruae,Phoma_pomorum
83,41,YES,Penicillium_rotoruae,Hypocrea_pulvinata
83,98,OAT,Penicillium_rotoruae,Phoma_pomorum
83,49,OAT,Penicillium_rotoruae,Paecilomyces_maximus
83,41,YES,Penicillium_rotoruae,Hypocrea_pulvinata
83,67,MEAox,Penicillium_rotoruae,Penicillium_flavigenum
83,76,PDA,Penicillium_rotoruae,Penicillium_neojanthinellum
83,71,CREA,Penicillium_rotoruae,Penicillium_hordei
83,41,CYA,Penicillium_rotoruae,Hypocrea_pulvinata
83,41,CYA,Penicillium_rotoruae,Hypocrea_pulvinata
83,41,CYA,Penicillium_rotoruae,Hypocrea_pulvinata
83,38,CREA,Penicillium_rotoruae,Fusarium_tricinctum
83,83,MEAox,Penicillium_rotoruae,Penicillium_rotoruae
83,102,OAT,Penicillium_rotoruae,Rasamsonia_eburnea
83,38,CREA,Penicillium_rotoruae,Fusarium_tricinctum
84,53,CYA,Penicillium_ruben,Penicillium_allii-sativi
84,104,YES,Penicillium_ruben,Rhizomucor_pusillus
84,88,MEAox,Penicillium_ruben,Penicillium_steckii
84,84,PDA,Penicillium_ruben,Penicillium_ruben
84,67,CYA,Penicillium_ruben,Penicillium_flavigenum
84,84,PDA,Penicillium_ruben,Penicillium_ruben
84,69,CYA,Penicillium_ruben,Penicillium_glabrum
84,84,PDA,Penicillium_ruben,Penicillium_ruben
84,69,CYA,Penicillium_ruben,Penicillium_glabrum
84,114,OAT,Penicillium_ruben,Trichoderma_harzianum
84,84,PDA,Penicillium_ruben,Penicillium_ruben
84,84,PDA,Penicillium_ruben,Penicillium_ruben
85,85,MEAox,Penicillium_rubens,Penicillium_rubens
85,85,CYA,Penicillium_rubens,Penicillium_rubens
85,85,OAT,Penicillium_rubens,Penicillium_rubens
85,33,CREA,Penicillium_rubens,Epicoccum_nigrum
85,85,CYA,Penicillium_rubens,Penicillium_rubens
85,85,PDA,Penicillium_rubens,Penicillium_rubens
85,33,CREA,Penicillium_rubens,Epicoccum_nigrum
85,85,PDA,Penicillium_rubens,Penicillium_rubens
85,85,MEAox,Penicillium_rubens,Penicillium_rubens
85,85,OAT,Penicillium_rubens,Penicillium_rubens
86,48,CYA,Penicillium_scabrosum,Nigrospora_oryzae
86,90,OAT,Penicillium_scabrosum,Penicillium_vulpinum
86,76,CREA,Penicillium_scabrosum,Penicillium_neojanthinellum
86,48,PDA,Penicillium_scabrosum,Nigrospora_oryzae
86,86,YES,Penicillium_scabrosum,Penicillium_scabrosum
86,86,YES,Penicillium_scabrosum,Penicillium_scabrosum
86,86,MEAox,Penicillium_scabrosum,Penicillium_scabrosum
86,48,PDA,Penicillium_scabrosum,Nigrospora_oryzae
86,86,CYA,Penicillium_scabrosum,Penicillium_scabrosum
86,86,YES,Penicillium_scabrosum,Penicillium_scabrosum
86,86,MEAox,Penicillium_scabrosum,Penicillium_scabrosum
86,86,YES,Penicillium_scabrosum,Penicillium_scabrosum
86,69,YES,Penicillium_scabrosum,Penicillium_glabrum
86,86,CYA,Penicillium_scabrosum,Penicillium_scabrosum
86,86,OAT,Penicillium_scabrosum,Penicillium_scabrosum
86,86,PDA,Penicillium_scabrosum,Penicillium_scabrosum
86,86,OAT,Penicillium_scabrosum,Penicillium_scabrosum
86,77,CYA,Penicillium_scabrosum,Penicillium_ochrochloron
86,86,OAT,Penicillium_scabrosum,Penicillium_scabrosum
86,77,CYA,Penicillium_scabrosum,Penicillium_ochrochloron
86,86,MEAox,Penicillium_scabrosum,Penicillium_scabrosum
86,86,OAT,Penicillium_scabrosum,Penicillium_scabrosum
86,86,OAT,Penicillium_scabrosum,Penicillium_scabrosum
86,86,PDA,Penicillium_scabrosum,Penicillium_scabrosum
87,38,CREA,Penicillium_soppii,Fusarium_tricinctum
87,69,MEAox,Penicillium_soppii,Penicillium_glabrum
87,69,YES,Penicillium_soppii,Penicillium_glabrum
87,69,MEAox,Penicillium_soppii,Penicillium_glabrum
87,49,OAT,Penicillium_soppii,Paecilomyces_maximus
87,49,OAT,Penicillium_soppii,Paecilomyces_maximus
87,38,CREA,Penicillium_soppii,Fusarium_tricinctum
87,76,CYA,Penicillium_soppii,Penicillium_neojanthinellum
87,69,MEAox,Penicillium_soppii,Penicillium_glabrum
87,49,OAT,Penicillium_soppii,Paecilomyces_maximus
87,33,CREA,Penicillium_soppii,Epicoccum_nigrum
87,76,CYA,Penicillium_soppii,Penicillium_neojanthinellum
88,86,CREA,Penicillium_steckii,Penicillium_scabrosum
88,53,PDA,Penicillium_steckii,Penicillium_allii-sativi
88,104,CYA,Penicillium_steckii,Rhizomucor_pusillus
88,53,PDA,Penicillium_steckii,Penicillium_allii-sativi
88,88,YES,Penicillium_steckii,Penicillium_steckii
88,104,CYA,Penicillium_steckii,Rhizomucor_pusillus
88,61,YES,Penicillium_steckii,Penicillium_chrysogenum
88,28,CREA,Penicillium_steckii,Cladosporium
88,88,MEAox,Penicillium_steckii,Penicillium_steckii
88,69,OAT,Penicillium_steckii,Penicillium_glabrum
88,53,PDA,Penicillium_steckii,Penicillium_allii-sativi
88,28,CREA,Penicillium_steckii,Cladosporium
89,79,CREA,Penicillium_velutinum,Penicillium_onobense
89,79,CYA,Penicillium_velutinum,Penicillium_onobense
89,83,OAT,Penicillium_velutinum,Penicillium_rotoruae
89,83,OAT,Penicillium_velutinum,Penicillium_rotoruae
89,108,MEAox,Penicillium_velutinum,Stemphylium_vesicarium
89,83,OAT,Penicillium_velutinum,Penicillium_rotoruae
89,76,CYA,Penicillium_velutinum,Penicillium_neojanthinellum
89,50,PDA,Penicillium_velutinum,Penicillago_kabunica
90,49,OAT,Penicillium_vulpinum,Paecilomyces_maximus
90,86,CREA,Penicillium_vulpinum,Penicillium_scabrosum
90,1,MEAox,Penicillium_vulpinum,Acremonium_alternatum
90,86,CREA,Penicillium_vulpinum,Penicillium_scabrosum
90,33,MEAox,Penicillium_vulpinum,Epicoccum_nigrum
90,48,CYA,Penicillium_vulpinum,Nigrospora_oryzae
90,33,MEAox,Penicillium_vulpinum,Epicoccum_nigrum
90,49,OAT,Penicillium_vulpinum,Paecilomyces_maximus
90,48,PDA,Penicillium_vulpinum,Nigrospora_oryzae
90,38,YES,Penicillium_vulpinum,Fusarium_tricinctum
90,94,MEAox,Penicillium_vulpinum,Pezicula_carpinea
91,81,CYA,Penicillium_waksmanii,Penicillium_restrictum
91,76,CREA,Penicillium_waksmanii,Penicillium_neojanthinellum
91,38,YES,Penicillium_waksmanii,Fusarium_tricinctum
91,79,CREA,Penicillium_waksmanii,Penicillium_onobense
91,79,MEAox,Penicillium_waksmanii,Penicillium_onobense
91,79,MEAox,Penicillium_waksmanii,Penicillium_onobense
91,92,OAT,Penicillium_waksmanii,Penicillium_wotroi
91,38,YES,Penicillium_waksmanii,Fusarium_tricinctum
91,38,CYA,Penicillium_waksmanii,Fusarium_tricinctum
91,76,MEAox,Penicillium_waksmanii,Penicillium_neojanthinellum
91,69,OAT,Penicillium_waksmanii,Penicillium_glabrum
91,38,YES,Penicillium_waksmanii,Fusarium_tricinctum
92,48,CREA,Penicillium_wotroi,Nigrospora_oryzae
92,76,CYA,Penicillium_wotroi,Penicillium_neojanthinellum
92,83,MEAox,Penicillium_wotroi,Penicillium_rotoruae
92,83,MEAox,Penicillium_wotroi,Penicillium_rotoruae
92,83,PDA,Penicillium_wotroi,Penicillium_rotoruae
92,76,YES,Penicillium_wotroi,Penicillium_neojanthinellum
92,83,OAT,Penicillium_wotroi,Penicillium_rotoruae
92,33,CREA,Penicillium_wotroi,Epicoccum_nigrum
92,38,CREA,Penicillium_wotroi,Fusarium_tricinctum
92,92,OAT,Penicillium_wotroi,Penicillium_wotroi
92,28,CREA,Penicillium_wotroi,Cladosporium
92,76,YES,Penicillium_wotroi,Penicillium_neojanthinellum
92,28,CREA,Penicillium_wotroi,Cladosporium
92,76,CYA,Penicillium_wotroi,Penicillium_neojanthinellum
92,76,CYA,Penicillium_wotroi,Penicillium_neojanthinellum
92,92,MEAox,Penicillium_wotroi,Penicillium_wotroi
92,83,OAT,Penicillium_wotroi,Penicillium_rotoruae
92,44,CREA,Penicillium_wotroi,Mariannaea_elegans
92,76,CYA,Penicillium_wotroi,Penicillium_neojanthinellum
92,76,CYA,Penicillium_wotroi,Penicillium_neojanthinellum
92,92,MEAox,Penicillium_wotroi,Penicillium_wotroi
92,83,OAT,Penicillium_wotroi,Penicillium_rotoruae
92,76,YES,Penicillium_wotroi,Penicillium_neojanthinellum
92,44,CREA,Penicillium_wotroi,Mariannaea_elegans
93,93,CYA,Pesisa_ostracoderma,Pesisa_ostracoderma
93,93,OAT,Pesisa_ostracoderma,Pesisa_ostracoderma
93,93,CREA,Pesisa_ostracoderma,Pesisa_ostracoderma
93,93,OAT,Pesisa_ostracoderma,Pesisa_ostracoderma
93,83,YES,Pesisa_ostracoderma,Penicillium_rotoruae
93,93,CREA,Pesisa_ostracoderma,Pesisa_ostracoderma
93,69,OAT,Pesisa_ostracoderma,Penicillium_glabrum
93,92,PDA,Pesisa_ostracoderma,Penicillium_wotroi
93,93,CREA,Pesisa_ostracoderma,Pesisa_ostracoderma
93,22,MEAox,Pesisa_ostracoderma,Aspergillus_uvarum
93,93,CYA,Pesisa_ostracoderma,Pesisa_ostracoderma
93,93,PDA,Pesisa_ostracoderma,Pesisa_ostracoderma
94,1,MEAox,Pezicula_carpinea,Acremonium_alternatum
94,81,PDA,Pezicula_carpinea,Penicillium_restrictum
94,1,MEAox,Pezicula_carpinea,Acremonium_alternatum
94,1,MEAox,Pezicula_carpinea,Acremonium_alternatum
94,48,CREA,Pezicula_carpinea,Nigrospora_oryzae
94,1,MEAox,Pezicula_carpinea,Acremonium_alternatum
94,94,YES,Pezicula_carpinea,Pezicula_carpinea
94,102,CYA,Pezicula_carpinea,Rasamsonia_eburnea
94,98,OAT,Pezicula_carpinea,Phoma_pomorum
94,48,CREA,Pezicula_carpinea,Nigrospora_oryzae
94,102,CYA,Pezicula_carpinea,Rasamsonia_eburnea
94,94,YES,Pezicula_carpinea,Pezicula_carpinea
95,41,YES,Phoma_americana,Hypocrea_pulvinata
95,38,CYA,Phoma_americana,Fusarium_tricinctum
95,16,MEAox,Phoma_americana,Aspergillus_nomiae
95,11,OAT,Phoma_americana,Aspergillus_flavus
95,98,CYA,Phoma_americana,Phoma_pomorum
95,11,MEAox,Phoma_americana,Aspergillus_flavus
95,11,OAT,Phoma_americana,Aspergillus_flavus
95,11,CYA,Phoma_americana,Aspergillus_flavus
95,41,YES,Phoma_americana,Hypocrea_pulvinata
95,83,MEAox,Phoma_americana,Penicillium_rotoruae
95,22,PDA,Phoma_americana,Aspergillus_uvarum
95,22,MEAox,Phoma_americana,Aspergillus_uvarum
96,41,CYA,Phoma_epicoccina,Hypocrea_pulvinata
96,41,OAT,Phoma_epicoccina,Hypocrea_pulvinata
96,48,PDA,Phoma_epicoccina,Nigrospora_oryzae
96,41,OAT,Phoma_epicoccina,Hypocrea_pulvinata
96,41,CYA,Phoma_epicoccina,Hypocrea_pulvinata
96,48,CREA,Phoma_epicoccina,Nigrospora_oryzae
96,41,YES,Phoma_epicoccina,Hypocrea_pulvinata
96,41,OAT,Phoma_epicoccina,Hypocrea_pulvinata
96,48,CREA,Phoma_epicoccina,Nigrospora_oryzae
96,48,CREA,Phoma_epicoccina,Nigrospora_oryzae
96,41,CYA,Phoma_epicoccina,Hypocrea_pulvinata
96,41,OAT,Phoma_epicoccina,Hypocrea_pulvinata
97,48,CREA,Phoma_glomerata,Nigrospora_oryzae
97,41,OAT,Phoma_glomerata,Hypocrea_pulvinata
97,48,PDA,Phoma_glomerata,Nigrospora_oryzae
97,48,CREA,Phoma_glomerata,Nigrospora_oryzae
97,41,CYA,Phoma_glomerata,Hypocrea_pulvinata
97,41,MEAox,Phoma_glomerata,Hypocrea_pulvinata
97,41,OAT,Phoma_glomerata,Hypocrea_pulvinata
97,41,MEAox,Phoma_glomerata,Hypocrea_pulvinata
97,41,MEAox,Phoma_glomerata,Hypocrea_pulvinata
97,41,MEAox,Phoma_glomerata,Hypocrea_pulvinata
97,41,YES,Phoma_glomerata,Hypocrea_pulvinata
97,98,PDA,Phoma_glomerata,Phoma_pomorum
98,33,YES,Phoma_pomorum,Epicoccum_nigrum
98,49,CYA,Phoma_pomorum,Paecilomyces_maximus
98,33,YES,Phoma_pomorum,Epicoccum_nigrum
98,41,OAT,Phoma_pomorum,Hypocrea_pulvinata
98,76,CREA,Phoma_pomorum,Penicillium_neojanthinellum
98,98,YES,Phoma_pomorum,Phoma_pomorum
98,98,PDA,Phoma_pomorum,Phoma_pomorum
98,79,CREA,Phoma_pomorum,Penicillium_onobense
98,79,CREA,Phoma_pomorum,Penicillium_onobense
98,16,MEAox,Phoma_pomorum,Aspergillus_nomiae
98,33,PDA,Phoma_pomorum,Epicoccum_nigrum
98,28,YES,Phoma_pomorum,Cladosporium
98,33,MEAox,Phoma_pomorum,Epicoccum_nigrum
98,98,YES,Phoma_pomorum,Phoma_pomorum
98,98,OAT,Phoma_pomorum,Phoma_pomorum
98,41,YES,Phoma_pomorum,Hypocrea_pulvinata
98,11,PDA,Phoma_pomorum,Aspergillus_flavus
98,98,OAT,Phoma_pomorum,Phoma_pomorum
98,33,MEAox,Phoma_pomorum,Epicoccum_nigrum
98,11,PDA,Phoma_pomorum,Aspergillus_flavus
98,41,YES,Phoma_pomorum,Hypocrea_pulvinata
98,98,CYA,Phoma_pomorum,Phoma_pomorum
98,98,OAT,Phoma_pomorum,Phoma_pomorum
98,41,YES,Phoma_pomorum,Hypocrea_pulvinata
99,99,CYA,Phoma_sorghina,Phoma_sorghina
99,11,OAT,Phoma_sorghina,Aspergillus_flavus
99,99,PDA,Phoma_sorghina,Phoma_sorghina
99,99,MEAox,Phoma_sorghina,Phoma_sorghina
99,99,OAT,Phoma_sorghina,Phoma_sorghina
99,28,CREA,Phoma_sorghina,Cladosporium
99,99,MEAox,Phoma_sorghina,Phoma_sorghina
99,99,MEAox,Phoma_sorghina,Phoma_sorghina
99,99,OAT,Phoma_sorghina,Phoma_sorghina
99,11,YES,Phoma_sorghina,Aspergillus_flavus
99,22,OAT,Phoma_sorghina,Aspergillus_uvarum
99,83,YES,Phoma_sorghina,Penicillium_rotoruae
100,79,CREA,Purpureocillium_lilacinum,Penicillium_onobense
100,48,PDA,Purpureocillium_lilacinum,Nigrospora_oryzae
100,48,CYA,Purpureocillium_lilacinum,Nigrospora_oryzae
100,48,PDA,Purpureocillium_lilacinum,Nigrospora_oryzae
100,48,CYA,Purpureocillium_lilacinum,Nigrospora_oryzae
100,48,PDA,Purpureocillium_lilacinum,Nigrospora_oryzae
100,48,CYA,Purpureocillium_lilacinum,Nigrospora_oryzae
100,59,MEAox,Purpureocillium_lilacinum,Penicillium_canescens
100,59,MEAox,Purpureocillium_lilacinum,Penicillium_canescens
100,48,CYA,Purpureocillium_lilacinum,Nigrospora_oryzae
100,48,OAT,Purpureocillium_lilacinum,Nigrospora_oryzae
100,77,YES,Purpureocillium_lilacinum,Penicillium_ochrochloron
100,48,CREA,Purpureocillium_lilacinum,Nigrospora_oryzae
100,49,CYA,Purpureocillium_lilacinum,Paecilomyces_maximus
100,48,CREA,Purpureocillium_lilacinum,Nigrospora_oryzae
100,48,CREA,Purpureocillium_lilacinum,Nigrospora_oryzae
100,48,CREA,Purpureocillium_lilacinum,Nigrospora_oryzae
100,41,OAT,Purpureocillium_lilacinum,Hypocrea_pulvinata
100,48,CREA,Purpureocillium_lilacinum,Nigrospora_oryzae
100,71,YES,Purpureocillium_lilacinum,Penicillium_hordei
100,71,YES,Purpureocillium_lilacinum,Penicillium_hordei
100,48,CREA,Purpureocillium_lilacinum,Nigrospora_oryzae
101,79,CREA,Rasamsonia_argillacea,Penicillium_onobense
101,59,PDA,Rasamsonia_argillacea,Penicillium_canescens
101,79,CREA,Rasamsonia_argillacea,Penicillium_onobense
101,102,CYA,Rasamsonia_argillacea,Rasamsonia_eburnea
101,98,OAT,Rasamsonia_argillacea,Phoma_pomorum
101,1,MEAox,Rasamsonia_argillacea,Acremonium_alternatum
101,1,YES,Rasamsonia_argillacea,Acremonium_alternatum
101,81,PDA,Rasamsonia_argillacea,Penicillium_restrictum
101,102,CYA,Rasamsonia_argillacea,Rasamsonia_eburnea
101,94,YES,Rasamsonia_argillacea,Pezicula_carpinea
101,59,PDA,Rasamsonia_argillacea,Penicillium_canescens
101,102,CYA,Rasamsonia_argillacea,Rasamsonia_eburnea
102,81,MEAox,Rasamsonia_eburnea,Penicillium_restrictum
102,81,PDA,Rasamsonia_eburnea,Penicillium_restrictum
102,98,OAT,Rasamsonia_eburnea,Phoma_pomorum
102,81,CYA,Rasamsonia_eburnea,Penicillium_restrictum
102,81,MEAox,Rasamsonia_eburnea,Penicillium_restrictum
102,98,OAT,Rasamsonia_eburnea,Phoma_pomorum
102,81,PDA,Rasamsonia_eburnea,Penicillium_restrictum
102,94,YES,Rasamsonia_eburnea,Pezicula_carpinea
102,81,PDA,Rasamsonia_eburnea,Penicillium_restrictum
102,71,YES,Rasamsonia_eburnea,Penicillium_hordei
102,49,OAT,Rasamsonia_eburnea,Paecilomyces_maximus
102,38,YES,Rasamsonia_eburnea,Fusarium_tricinctum
103,48,CREA,Rasamsonia_piperina,Nigrospora_oryzae
103,98,OAT,Rasamsonia_piperina,Phoma_pomorum
103,33,MEAox,Rasamsonia_piperina,Epicoccum_nigrum
103,48,PDA,Rasamsonia_piperina,Nigrospora_oryzae
103,98,OAT,Rasamsonia_piperina,Phoma_pomorum
103,90,CYA,Rasamsonia_piperina,Penicillium_vulpinum
103,33,MEAox,Rasamsonia_piperina,Epicoccum_nigrum
103,98,YES,Rasamsonia_piperina,Phoma_pomorum
103,33,MEAox,Rasamsonia_piperina,Epicoccum_nigrum
103,98,YES,Rasamsonia_piperina,Phoma_pomorum
103,48,CYA,Rasamsonia_piperina,Nigrospora_oryzae
103,48,PDA,Rasamsonia_piperina,Nigrospora_oryzae
104,104,MEAox,Rhizomucor_pusillus,Rhizomucor_pusillus
104,104,YES,Rhizomucor_pusillus,Rhizomucor_pusillus
104,104,CREA,Rhizomucor_pusillus,Rhizomucor_pusillus
104,104,CYA,Rhizomucor_pusillus,Rhizomucor_pusillus
104,104,CREA,Rhizomucor_pusillus,Rhizomucor_pusillus
104,104,YES,Rhizomucor_pusillus,Rhizomucor_pusillus
104,104,PDA,Rhizomucor_pusillus,Rhizomucor_pusillus
104,104,YES,Rhizomucor_pusillus,Rhizomucor_pusillus
104,93,OAT,Rhizomucor_pusillus,Pesisa_ostracoderma
104,93,OAT,Rhizomucor_pusillus,Pesisa_ostracoderma
104,104,PDA,Rhizomucor_pusillus,Rhizomucor_pusillus
104,104,YES,Rhizomucor_pusillus,Rhizomucor_pusillus
104,69,OAT,Rhizomucor_pusillus,Penicillium_glabrum
104,104,CREA,Rhizomucor_pusillus,Rhizomucor_pusillus
104,104,MEAox,Rhizomucor_pusillus,Rhizomucor_pusillus
104,104,MEAox,Rhizomucor_pusillus,Rhizomucor_pusillus
104,61,MEAox,Rhizomucor_pusillus,Penicillium_chrysogenum
104,82,CREA,Rhizomucor_pusillus,Penicillium_ribium
104,84,OAT,Rhizomucor_pusillus,Penicillium_ruben
104,104,PDA,Rhizomucor_pusillus,Rhizomucor_pusillus
104,84,MEAox,Rhizomucor_pusillus,Penicillium_ruben
104,104,CREA,Rhizomucor_pusillus,Rhizomucor_pusillus
104,104,MEAox,Rhizomucor_pusillus,Rhizomucor_pusillus
104,93,OAT,Rhizomucor_pusillus,Pesisa_ostracoderma
105,41,CYA,Rhizopus_microsporus,Hypocrea_pulvinata
105,48,YES,Rhizopus_microsporus,Nigrospora_oryzae
105,41,CYA,Rhizopus_microsporus,Hypocrea_pulvinata
105,105,MEAox,Rhizopus_microsporus,Rhizopus_microsporus
105,105,PDA,Rhizopus_microsporus,Rhizopus_microsporus
105,48,CREA,Rhizopus_microsporus,Nigrospora_oryzae
105,41,CYA,Rhizopus_microsporus,Hypocrea_pulvinata
105,99,OAT,Rhizopus_microsporus,Phoma_sorghina
105,105,OAT,Rhizopus_microsporus,Rhizopus_microsporus
105,105,PDA,Rhizopus_microsporus,Rhizopus_microsporus
105,41,CYA,Rhizopus_microsporus,Hypocrea_pulvinata
105,105,MEAox,Rhizopus_microsporus,Rhizopus_microsporus
106,61,CYA,Rhizopus_stolonifer,Penicillium_chrysogenum
106,106,PDA,Rhizopus_stolonifer,Rhizopus_stolonifer
106,48,CREA,Rhizopus_stolonifer,Nigrospora_oryzae
106,61,CYA,Rhizopus_stolonifer,Penicillium_chrysogenum
106,106,MEAox,Rhizopus_stolonifer,Rhizopus_stolonifer
106,104,YES,Rhizopus_stolonifer,Rhizomucor_pusillus
106,106,MEAox,Rhizopus_stolonifer,Rhizopus_stolonifer
106,106,MEAox,Rhizopus_stolonifer,Rhizopus_stolonifer
106,114,YES,Rhizopus_stolonifer,Trichoderma_harzianum
106,106,CYA,Rhizopus_stolonifer,Rhizopus_stolonifer
106,106,MEAox,Rhizopus_stolonifer,Rhizopus_stolonifer
106,43,OAT,Rhizopus_stolonifer,Hypocrea_thelephoricola
107,41,CYA,Sordaria_fimicola,Hypocrea_pulvinata
107,28,CREA,Sordaria_fimicola,Cladosporium
107,116,MEAox,Sordaria_fimicola,Ulocladium_chartarum
107,107,PDA,Sordaria_fimicola,Sordaria_fimicola
107,116,MEAox,Sordaria_fimicola,Ulocladium_chartarum
107,116,MEAox,Sordaria_fimicola,Ulocladium_chartarum
107,107,PDA,Sordaria_fimicola,Sordaria_fimicola
107,41,YES,Sordaria_fimicola,Hypocrea_pulvinata
107,28,CREA,Sordaria_fimicola,Cladosporium
107,41,CYA,Sordaria_fimicola,Hypocrea_pulvinata
107,28,CREA,Sordaria_fimicola,Cladosporium
107,116,MEAox,Sordaria_fimicola,Ulocladium_chartarum
108,48,CREA,Stemphylium_vesicarium,Nigrospora_oryzae
108,69,PDA,Stemphylium_vesicarium,Penicillium_glabrum
108,48,CREA,Stemphylium_vesicarium,Nigrospora_oryzae
108,101,CYA,Stemphylium_vesicarium,Rasamsonia_argillacea
108,38,MEAox,Stemphylium_vesicarium,Fusarium_tricinctum
108,38,YES,Stemphylium_vesicarium,Fusarium_tricinctum
108,48,CREA,Stemphylium_vesicarium,Nigrospora_oryzae
108,11,OAT,Stemphylium_vesicarium,Aspergillus_flavus
108,69,PDA,Stemphylium_vesicarium,Penicillium_glabrum
108,11,OAT,Stemphylium_vesicarium,Aspergillus_flavus
108,38,YES,Stemphylium_vesicarium,Fusarium_tricinctum
108,11,CYA,Stemphylium_vesicarium,Aspergillus_flavus
109,48,CREA,Talaromyces_apiculatus,Nigrospora_oryzae
109,109,CYA,Talaromyces_apiculatus,Talaromyces_apiculatus
109,1,MEAox,Talaromyces_apiculatus,Acremonium_alternatum
109,86,PDA,Talaromyces_apiculatus,Penicillium_scabrosum
109,75,MEAox,Talaromyces_apiculatus,Penicillium_manginii
109,41,YES,Talaromyces_apiculatus,Hypocrea_pulvinata
109,100,MEAox,Talaromyces_apiculatus,Purpureocillium_lilacinum
109,41,YES,Talaromyces_apiculatus,Hypocrea_pulvinata
109,48,PDA,Talaromyces_apiculatus,Nigrospora_oryzae
109,86,PDA,Talaromyces_apiculatus,Penicillium_scabrosum
109,98,YES,Talaromyces_apiculatus,Phoma_pomorum
109,48,CREA,Talaromyces_apiculatus,Nigrospora_oryzae
110,41,CYA,Talaromyces_funiculosus,Hypocrea_pulvinata
110,28,MEAox,Talaromyces_funiculosus,Cladosporium
110,16,PDA,Talaromyces_funiculosus,Aspergillus_nomiae
110,41,YES,Talaromyces_funiculosus,Hypocrea_pulvinata
110,41,CYA,Talaromyces_funiculosus,Hypocrea_pulvinata
110,28,MEAox,Talaromyces_funiculosus,Cladosporium
110,41,YES,Talaromyces_funiculosus,Hypocrea_pulvinata
110,11,PDA,Talaromyces_funiculosus,Aspergillus_flavus
110,28,MEAox,Talaromyces_funiculosus,Cladosporium
110,41,CYA,Talaromyces_funiculosus,Hypocrea_pulvinata
110,41,CYA,Talaromyces_funiculosus,Hypocrea_pulvinata
110,41,OAT,Talaromyces_funiculosus,Hypocrea_pulvinata
111,48,CREA,Thermoascus_verrucosus,Nigrospora_oryzae
111,41,PDA,Thermoascus_verrucosus,Hypocrea_pulvinata
111,41,YES,Thermoascus_verrucosus,Hypocrea_pulvinata
111,41,MEAox,Thermoascus_verrucosus,Hypocrea_pulvinata
111,41,OAT,Thermoascus_verrucosus,Hypocrea_pulvinata
111,41,CYA,Thermoascus_verrucosus,Hypocrea_pulvinata
111,41,CYA,Thermoascus_verrucosus,Hypocrea_pulvinata
111,41,OAT,Thermoascus_verrucosus,Hypocrea_pulvinata
111,41,PDA,Thermoascus_verrucosus,Hypocrea_pulvinata
111,38,CREA,Thermoascus_verrucosus,Fusarium_tricinctum
111,41,MEAox,Thermoascus_verrucosus,Hypocrea_pulvinata
111,41,CYA,Thermoascus_verrucosus,Hypocrea_pulvinata
112,76,OAT,Trichoderma,Penicillium_neojanthinellum
112,48,CREA,Trichoderma,Nigrospora_oryzae
112,41,CYA,Trichoderma,Hypocrea_pulvinata
112,41,CYA,Trichoderma,Hypocrea_pulvinata
112,41,YES,Trichoderma,Hypocrea_pulvinata
112,48,CREA,Trichoderma,Nigrospora_oryzae
112,48,CREA,Trichoderma,Nigrospora_oryzae
112,115,PDA,Trichoderma,Trichoderma_longibrachiatum
112,28,MEAox,Trichoderma,Cladosporium
112,28,MEAox,Trichoderma,Cladosporium
112,43,OAT,Trichoderma,Hypocrea_thelephoricola
112,41,YES,Trichoderma,Hypocrea_pulvinata
113,48,OAT,Trichoderma_atroviride,Nigrospora_oryzae
113,48,CREA,Trichoderma_atroviride,Nigrospora_oryzae
113,49,OAT,Trichoderma_atroviride,Paecilomyces_maximus
113,48,CYA,Trichoderma_atroviride,Nigrospora_oryzae
113,48,CREA,Trichoderma_atroviride,Nigrospora_oryzae
113,48,CREA,Trichoderma_atroviride,Nigrospora_oryzae
113,48,CREA,Trichoderma_atroviride,Nigrospora_oryzae
113,49,CYA,Trichoderma_atroviride,Paecilomyces_maximus
113,83,PDA,Trichoderma_atroviride,Penicillium_rotoruae
113,49,CYA,Trichoderma_atroviride,Paecilomyces_maximus
113,41,YES,Trichoderma_atroviride,Hypocrea_pulvinata
113,41,YES,Trichoderma_atroviride,Hypocrea_pulvinata
114,48,CREA,Trichoderma_harzianum,Nigrospora_oryzae
114,104,PDA,Trichoderma_harzianum,Rhizomucor_pusillus
114,86,CYA,Trichoderma_harzianum,Penicillium_scabrosum
114,83,MEAox,Trichoderma_harzianum,Penicillium_rotoruae
114,53,YES,Trichoderma_harzianum,Penicillium_allii-sativi
114,84,CYA,Trichoderma_harzianum,Penicillium_ruben
114,83,MEAox,Trichoderma_harzianum,Penicillium_rotoruae
114,114,CYA,Trichoderma_harzianum,Trichoderma_harzianum
114,106,PDA,Trichoderma_harzianum,Rhizopus_stolonifer
114,83,MEAox,Trichoderma_harzianum,Penicillium_rotoruae
114,92,YES,Trichoderma_harzianum,Penicillium_wotroi
114,114,OAT,Trichoderma_harzianum,Trichoderma_harzianum
115,11,CYA,Trichoderma_longibrachiatum,Aspergillus_flavus
115,83,YES,Trichoderma_longibrachiatum,Penicillium_rotoruae
115,48,CREA,Trichoderma_longibrachiatum,Nigrospora_oryzae
115,48,CREA,Trichoderma_longibrachiatum,Nigrospora_oryzae
115,83,MEAox,Trichoderma_longibrachiatum,Penicillium_rotoruae
115,43,PDA,Trichoderma_longibrachiatum,Hypocrea_thelephoricola
115,83,MEAox,Trichoderma_longibrachiatum,Penicillium_rotoruae
115,83,OAT,Trichoderma_longibrachiatum,Penicillium_rotoruae
115,48,CREA,Trichoderma_longibrachiatum,Nigrospora_oryzae
115,83,MEAox,Trichoderma_longibrachiatum,Penicillium_rotoruae
115,48,CREA,Trichoderma_longibrachiatum,Nigrospora_oryzae
115,83,CYA,Trichoderma_longibrachiatum,Penicillium_rotoruae
116,28,CREA,Ulocladium_chartarum,Cladosporium
116,22,CYA,Ulocladium_chartarum,Aspergillus_uvarum
116,22,MEAox,Ulocladium_chartarum,Aspergillus_uvarum
116,22,PDA,Ulocladium_chartarum,Aspergillus_uvarum
116,22,CYA,Ulocladium_chartarum,Aspergillus_uvarum
116,22,MEAox,Ulocladium_chartarum,Aspergillus_uvarum
116,22,CYA,Ulocladium_chartarum,Aspergillus_uvarum
116,80,MEAox,Ulocladium_chartarum,Penicillium_piscarium
116,22,CYA,Ulocladium_chartarum,Aspergillus_uvarum
116,28,CREA,Ulocladium_chartarum,Cladosporium
116,116,YES,Ulocladium_chartarum,Ulocladium_chartarum
116,116,YES,Ulocladium_chartarum,Ulocladium_chartarum
